topic_id,source_id,registered_in_sources_json,cited_role,exact_locator_available,media_artifact_path,findings_supported,findings_contradicted,findings_qualified,notes
g13-family-colonial-collaterals,familysearch-fulltext-search,yes,supports,yes,,G13-RI-000136;G13-RI-000137,,,"Providence Town Records 1677-1750 (1695-96 warning-out of John Gurney) and Early Records of the Town of Providence (1714 will/inventory of Sarah Gurney, husband John Gurney alive) - source_evidence RI-000136/RI-000137 supporting the household finding RI-000138."
g13-family-colonial-collaterals,torrey-new-england-marriages-prior-1700,yes,context_for,yes,sources/corpus_supplement/torrey-new-england-marriages-prior-1700-page-331-gurney.md,G13-RI-000139,,,"p.331 John3/Samuel3 entries - context_for the plausible-grandson analysis RI-000139, which weighs but does not resolve the Providence-John3-as-grandson reading."
g13-family-colonial-collaterals,suffolk-deeds-liber-i-1880,yes,mentions,yes,,G13-RI-000140,,,"NEW source (data/sources.json v1.14.0 + validation worksheet). Printed index line 'Gurner, James, 5' (p.5, unread) - mentions-level source_evidence RI-000140, grounding open_question RI-000141."
g13-family-colonial-collaterals,nehgr-13-abstracts-of-early-wills-1859,yes,supports;negative_within_scope,yes,,G13-RI-000142;G13-RI-000144,,,NEW source (data/sources.json v1.14.0 + validation worksheet). Margery Laver's 1664 will ('to Jane Gurnet') - supports source_evidence RI-000142; negative_within_scope for the Dorchester false-friend negative_result RI-000144.
g13-family-colonial-collaterals,boston-record-commissioners-fourth-report-1880,yes,supports;negative_within_scope,yes,,G13-RI-000143;G13-RI-000144,,,NEW source (data/sources.json v1.14.0 + validation worksheet). Dorchester town-record spelling series and the Jane Gornell m. John Burge footnote - supports source_evidence RI-000143; negative_within_scope for RI-000144.
g13-family-colonial-collaterals,records-first-church-dorchester-1891,yes,supports;negative_within_scope,yes,,G13-RI-000143;G13-RI-000144,,,NEW source (data/sources.json v1.14.0 + validation worksheet). 1709 'mrs. Burgesse alias Gurnet' church record - supports source_evidence RI-000143; negative_within_scope for RI-000144.
g13-family-colonial-collaterals,suffolk-county-court-records-1671-1680-csm-29-30,yes,supports;negative_within_scope,yes,,G13-RI-000143;G13-RI-000144,,,NEW source (data/sources.json v1.14.0 + validation worksheet). p.481 'Goodman Gurney of Dorchester' Prise-case surety - supports source_evidence RI-000143; negative_within_scope for RI-000144.
g13-colonial-arrival-chronology,massachusetts-bay-records-v1-1853,yes,supports;context_for,yes,,G13-RI-000001,,G13-RI-000007,"Printed primary transcription (Shurtleff, MBCR vol.1 p.331). Context_for the Porter-forename analysis."
g13-colonial-arrival-chronology,massachusetts-state-archives-colonial,yes,supports;qualifies,yes,,G13-RI-000002,,G13-RI-000007,"Manuscript-image calendar (film 007702977, image 947). Petition document itself remains the outstanding pull."
g13-colonial-arrival-chronology,porter-genealogy-richard-porter-1878,yes,supports,yes,sources/corpus_supplement/porter-genealogy-richard-porter-1878-gurney-extract.md,G13-RI-000003,,,Printed secondary gloss.
g13-colonial-arrival-chronology,nash-historical-sketch-weymouth-1885,yes,supports,yes,sources/corpus_supplement/nash-historical-sketch-weymouth-1885-gurney-extracts.md,G13-RI-000004;G13-RI-000006,,,Printed secondary; the 1643 partial property record (Appendix C).
g13-colonial-arrival-chronology,history-of-weymouth,yes,qualifies,yes,,,,G13-RI-000006,1923 town history; qualifies (misses Nash 1643 record) but does not overturn the pre-1643 grant.
g13-colonial-arrival-chronology,familysearch-fulltext-search,yes,supports;qualifies,yes,,G13-RI-000002,,G13-RI-000007,"Full-text-search full-resolution image read of the 30 May 1641 petition calendar (film 007702977, image 947); second representation of the same record as massachusetts-state-archives-colonial (same_record_multiple_representations, Plan 2b §7). Supports the petition evidence (RI-000002) and qualifies the Porter-forename analysis (RI-000007). Added Thread 3."
g13-colonial-arrival-chronology,anderson-gmd-2015,yes,supports,yes,sources/corpus/The Great Migration Directory 2025 Page 158.txt,G13-RI-000043,,G13-RI-000006,"Anderson GMD p.158 published arrival/settlement assessment (arrival 1636, Boston/Braintree, origin Unknown), carried as published_source_statement RI-000043; QUALIFIES the 1638-early-1641 arrival-window finding RI-000006 and DEPENDS_ON the 1641 court order RI-000001. Same GMD entry also carried in record-coverage (RI-000039) for its documentary-footprint facet (alignment note on the item source). Added Thread 3."
g13-colonial-braintree-community,nehgr-62-94,yes,supports,yes,,G13-RI-000010,,,"Suffolk Court Files item 188; ""John Gurney of Brayntree aged 50."""
g13-colonial-braintree-community,history-of-weymouth,yes,supports;discovery_only,yes,,G13-RI-000009,,,"Secondary report of the 1645 Braintree petition; primary petition page not yet located (open question G13-RI-000017, lead L-191)."
g13-colonial-braintree-community,nps-adams-nhp,yes,supports,yes,sources/corpus_supplement/nps-adams-clr-1997-gurney-tyng-extracts.md,G13-RI-000011;G13-RI-000012,,,NPS Cultural Landscape Report; dates/locates the Tyng leasehold (future Adams seat).
g13-colonial-braintree-community,nehgr-30-432,yes,supports,yes,,G13-RI-000011,,,Tyng inventory abstract; 48-acre reading vs NPS/Sargent 45-acre (locator note in item_source).
g13-colonial-braintree-community,suffolk-deeds-liber-iv-1888,yes,supports,yes,,G13-RI-000011;G13-RI-000013,,,1661 Tyng estate-division indenture + 1661/2 Gurney-Thayer conveyance.
g13-colonial-braintree-community,bates-ancient-iron-works-braintree-1898,yes,supports,yes,,G13-RI-000013,,,"Prints the 12 Feb 1661/2 Monatiquot conveyance (""John Gurney, tailor"")."
g13-colonial-braintree-community,anderson-great-migration-begins-v1-baxter,yes,supports,yes,sources/corpus_supplement/anderson-great-migration-begins-v1-baxter-user-extract.md,G13-RI-000015,,,Gregory Baxter profile p.138; John Gurney as will-witness and inventory-taker 1659.
g13-colonial-braintree-community,spr-case-338-john-gurney-probate-1663,yes,context_for,yes,sources/corpus_supplement/john-gurney-probate-inventory-spr-case-338.md,,,G13-RI-000016,Probate inventory / creditor network = community-standing context.
g13-colonial-braintree-community,nehgr-12-suffolk-wills-1858,yes,context_for,yes,sources/corpus_supplement/john-gurney-probate-inventory-spr-case-338.md,,,G13-RI-000016,Suffolk Wills abstract; estate debts (creditor network) + Widow Wilson tie.
g13-colonial-weymouth-community,weymouth-land-grants-book-ms,yes,supports,yes,sources/corpus_supplement/weymouth-land-grants-book-1643-gurney-manuscript-extracts.md,G13-RI-000019,,,Manuscript proprietors' Land Grants book; John original grantee of 3 East/Mill-Field parcels. Carrying it here resolves the coverage README losslessness flag (manuscript now in the graph).
g13-colonial-weymouth-community,nash-historical-sketch-weymouth-1885,yes,supports;context_for;negative_within_scope,yes,sources/corpus_supplement/nash-historical-sketch-weymouth-1885-gurney-extracts.md,G13-RI-000018;G13-RI-000044;G13-RI-000045,,G13-RI-000021,"Appendix C 1643 record (inhabitant standing, RI-000018) + p.160 Rev. Thomas Jenner biography (context_for the credit tie, RI-000021). Thread 3 added: p.280 1636 Fresh Pond great-lot roll grounds the absence negative (RI-000044, negative_within_scope); pp.281-282 1651-52 great-lot lists support the proprietary-right-not-residence analysis (RI-000045)."
g13-colonial-weymouth-community,massachusetts-bay-records-v2-1853,yes,supports,yes,,G13-RI-000020,,G13-RI-000021,MBCR vol.2 p.79; the 1644 £5 'Mr Ginner' bill (source_evidence RI-000020) supports the Jenner credit-tie finding (RI-000021); also context_for the military negative (RI-000023).
g13-colonial-weymouth-community,history-of-weymouth,yes,supports;context_for,yes,,G13-RI-000022;G13-RI-000045;G13-RI-000046,,G13-RI-000021,"Identifies 'Mr Ginner' as Rev. Thomas Jenner ('Mr. Thom: Ginner (Jenner)', deputy 1640) — context_for the credit tie (RI-000021); and supports the associate-network facts (James Ludden an 'Old Planter'; John King of King's Cove) in RI-000022. Thread 3 added: vol.3/vol.4 p.151 identify the 1651-52 absentee cohort-mates and John Read comparator (context_for RI-000045) and the Aylesbury-Vale Bucks neighbour cluster + Mass. Archives 129:16 deposition (supports the reception analysis RI-000046)."
g13-colonial-weymouth-community,massachusetts-bay-records-v1-1853,yes,supports;context_for,yes,,G13-RI-000022,,,"MBCR 1:331 gunpowder record (existing RI-000001, arrival topic) names Ludden & Porter — cross-topic support for the associational finding (RI-000022); also context_for the military negative (RI-000023)."
g13-colonial-weymouth-community,porter-genealogy-richard-porter-1878,yes,context_for,yes,sources/corpus_supplement/porter-genealogy-richard-porter-1878-gurney-extract.md,G13-RI-000022,,,Richard Porter a 1635 Weymouth settler; 'Ludden and Gurney were of Weymouth' — context for the associational finding.
g13-colonial-weymouth-community,spr-case-338-john-gurney-probate-1663,yes,supports,yes,sources/corpus_supplement/john-gurney-probate-inventory-spr-case-338.md,G13-RI-000022,,,Estate debt to 'Goodman King of Waymouth' — residual Weymouth creditor tie (RI-000022).
g13-colonial-weymouth-community,nehgr-12-suffolk-wills-1858,yes,supports,yes,sources/corpus_supplement/john-gurney-probate-inventory-spr-case-338.md,G13-RI-000022,,,"Suffolk Wills abstract of the estate debts, including Goodman King of Weymouth (RI-000022)."
g13-colonial-weymouth-community,familysearch-fulltext-search,yes,negative_within_scope,yes,,G13-RI-000023,,,Gurn-variant sweep of MA Bay military/court records & the Military Company roll 1637-1652; establishes the no-active-military-service negative (RI-000023).
g13-colonial-frontier-rights,billerica-town-records-ms,yes,supports,yes,sources/corpus_supplement/billerica-town-records-gurney-1659-1660.md,G13-RI-000024;G13-RI-000029,,,Manuscript town book: 1659 ten-acre grant 'upon condition' + 26 Dec 1659 surrender 'Daniel Shead in answer for his father John Gurney.' Direct evidence (RI-000024) for the Billerica absentee-share finding (RI-000029).
g13-colonial-frontier-rights,hazen-billerica-1883,yes,supports,yes,,G13-RI-000025;G13-RI-000029,,,"History of Billerica pp.33-34: 10 Sep 1659 Dudley-Farm rate + Nov 1659 upland division 'Peter Bracket and Joseph Tompson holding in common the right of John Gurney, of Braintree' (absentee share). RI-000025 supports RI-000029."
g13-colonial-frontier-rights,shedd-daniel-shed-genealogy-1920,yes,context_for,yes,,G13-RI-000029,,,Daniel Shed m. Mary Gurney 1647 -> John's son-in-law; identifies the man who surrendered the Billerica lot 'for his father John Gurney' (context_for RI-000029).
g13-colonial-frontier-rights,braintree-records-1640-1793-1886,yes,context_for,yes,,G13-RI-000029,,,"Bates, Records of the Town of Braintree (1886): the seven Daniel-and-Mary (Gurney) Shed births 1647-1658 - the primary town-record witness to the 1647 marriage that makes Daniel John's son-in-law (behind the 'in answer for his father John Gurney' Billerica surrender). Second representation alongside the compiled shedd-daniel-shed-genealogy-1920 (context_for RI-000029). Thread 5 (2026-07-05): resolves the l.115 Billerica journey gap - braintree-records was previously linked in record-coverage only."
g13-colonial-frontier-rights,ballou-history-of-milford-1882,yes,supports,yes,,G13-RI-000026,,,"History of Milford pp.27-35: John among the Braintree men accepted to Mendon allotments, 1662 (source_evidence RI-000026)."
g13-colonial-frontier-rights,mendon-proprietors-records-1899,yes,qualifies,yes,,G13-RI-000032,,G13-RI-000026,Proprietors' Records (post-1667 incorporation): John Gurny & Grisel Gurney as 20-acre lot-holders. Qualifies the 1662 Mendon acceptance (RI-000026) via the chronology open-question RI-000032; the post-death widow/descendants stream stays backlog for g13-family-mendon-descendants.
g13-colonial-frontier-rights,spr-case-338-john-gurney-probate-1663,yes,supports,yes,sources/corpus_supplement/john-gurney-probate-inventory-spr-case-338.md,G13-RI-000027;G13-RI-000030,,,The 1663 inventory line 'an estate layd out in land at Quinapaug wch we know not' (RI-000027) supports the unrecorded-frontier-share finding (RI-000030).
g13-colonial-frontier-rights,nehgr-12-suffolk-wills-1858,yes,context_for,yes,sources/corpus_supplement/john-gurney-probate-inventory-spr-case-338.md,G13-RI-000027,,,Suffolk Wills abstract (55 pounds 14s 6d estate total); the Quinapaug land line is absent from the printed abstract - context_for RI-000027.
g13-colonial-frontier-rights,familysearch-fulltext-search,yes,context_for,yes,,G13-RI-000028;G13-RI-000030,,,Suffolk Deeds Lib.IV pp.270-271 read via FTS images (film 007442495 img 191): Foote 1655 Indian purchase 'att Quinapaug within ye Jurisdiction of Providence' -> Hudson 1660; no Gurney in the recorded deeds. Grounds the Providence-jurisdiction reading (RI-000028 -> RI-000030).
g13-colonial-frontier-rights,suffolk-deeds-liber-iv-1888,yes,context_for,yes,,G13-RI-000028,,,"Printed Suffolk Deeds Liber IV pp.268,270-271 (Quinapaug conveyances) - printed-edition locator paired with the FTS image read; context_for RI-000028."
g13-colonial-frontier-rights,nash-historical-sketch-weymouth-1885,yes,context_for,yes,sources/corpus_supplement/nash-historical-sketch-weymouth-1885-gurney-extracts.md,G13-RI-000031,,,"Appendix C p.282 great lot no.16 (Second Division, 2 Feb 1651/2) granted to John after he had left Weymouth - the earliest instance of the proprietary-right-without-residence pattern. Thread 5 (2026-07-05): now linked context_for to the frontier analysis RI-000031 (was prose-cross-link-only), resolving the Plan 2b s4.1 Nash prose-to-graph parity gap. Cross-unit comparator - the great lot's landholding-context home is g13-colonial-arrival-chronology and its 1651-52 proprietary-right analysis is g13-colonial-weymouth-community RI-000045."
g13-colonial-material-life,spr-case-338-john-gurney-probate-1663,yes,supports;negative_within_scope,yes,sources/corpus_supplement/john-gurney-probate-inventory-spr-case-338.md,G13-RI-000033;G13-RI-000034;G13-RI-000035;G13-RI-000037,,G13-RI-000036,"Manuscript inventory (Case #338, 16 March 1663): itemized movable estate (source_evidence RI-000033) supports the livestock/husbandry profile (RI-000034), sparse-household (RI-000035), and all-movable-estate analysis (RI-000037); the full line-scan grounds the no-tailoring-tools negative (negative_within_scope, RI-000036)."
g13-colonial-material-life,nehgr-12-suffolk-wills-1858,yes,context_for,yes,sources/corpus_supplement/john-gurney-probate-inventory-spr-case-338.md,G13-RI-000033,,,Suffolk Wills abstract (55 pounds 14s 6d total + appraisers + debtor names); carries the total but not the line-item goods or the Quinapaug line - context_for the itemized evidence RI-000033.
g13-colonial-record-coverage,anderson-gmd-2015,yes,supports;negative_within_scope,yes,sources/corpus/The Great Migration Directory 2025 Page 158.txt,G13-RI-000039,,G13-RI-000041;G13-RI-000042,"Anderson GMD p.158 = published coverage summary: origin 'Unknown', arrival 1636, settlements Boston/Braintree (Weymouth excluded), six cited records (WJ 2:422; MBCR 1:331; NEHGR 62:94; SPR #338; Weymouth Hist 3:251; TAG 10:70-73). source_evidence RI-000039 supports the footprint finding RI-000038; grounds the origin-silence negative RI-000042 and the vital/church-silence negative RI-000041 (negative_within_scope)."
g13-colonial-record-coverage,braintree-records-1640-1793-1886,yes,qualifies,yes,,,,G13-RI-000041,"1886 Braintree town-record edition pp.638,717: the sole vital line matching John's traditional 1661 remarriage/wife-death is printed under 'John Cheny'/'Grizell Kidbee' - qualifies vital-record negative RI-000041 (a distinct reading/identity question, deferred; counted as neither a surviving nor an absent Gurney vital record)."
g13-colonial-record-coverage,massachusetts-bay-records-v1-1853,yes,negative_within_scope;cross_unit,yes,,G13-RI-000041,,,"MBCR vol.1 now links a graph item in this unit: the full v1-v5 sweep is the primary basis for the freeman/church-admission negative RI-000041 (negative_within_scope; naming John only at 1:331 and 2:79, never as a freeman), cited in the [freemansweep] footnote. Also prose-characterizes the colony court/account record class in footprint finding RI-000038 (home units g13-colonial-arrival-chronology RI-000001, g13-colonial-weymouth-community). Updated 2026-07-10 (G3 record-coverage increment)."
g13-colonial-record-coverage,suffolk-deeds-liber-iv-1888,yes,cross_unit,yes,,G13-RI-000038,,,"Prose cross-link only: the 1661/2 Monatiquot conveyance signed by mark = the sole autograph-bearing record, cited to characterize the footprint (RI-000038) and the sole-personal-record analysis (RI-000040); home unit g13-colonial-braintree-community (RI-000013)."
g13-colonial-record-coverage,nehgr-62-94,yes,cross_unit,yes,,G13-RI-000040,,,"Prose cross-link: the 1653 Wilson v. Faxon deposition (NEHGR 62:94) = the sole personal-attribute record, grounding analysis RI-000040 (DEPENDS_ON deposition RI-000010); deposition home unit g13-colonial-braintree-community. Birth-year inference deferred to g13-origin-age-baptism."
g13-colonial-record-coverage,spr-case-338-john-gurney-probate-1663,yes,cross_unit,yes,sources/corpus_supplement/john-gurney-probate-inventory-spr-case-338.md,G13-RI-000038,,,Prose cross-link: John's own 1663 estate inventory (SPR #338) = the closing record of the footprint (RI-000038 SYNTHESIZES probate evidence RI-000027); home units g13-colonial-frontier-rights / g13-colonial-material-life.
g13-colonial-record-coverage,nehgr-12-suffolk-wills-1858,yes,cross_unit,yes,sources/corpus_supplement/john-gurney-probate-inventory-spr-case-338.md,G13-RI-000038,,,"Prose cross-link: NEHGR 12 Suffolk Wills abstract of the 1663 estate (55 pounds 14s 6d), paired with SPR #338 as the closing footprint record; home units g13-colonial-frontier-rights / g13-colonial-material-life."
g13-colonial-record-coverage,anderson-great-migration-begins-v1-baxter,yes,cross_unit,yes,sources/corpus_supplement/anderson-great-migration-begins-v1-baxter-user-extract.md,G13-RI-000038,,,"Prose cross-link: John as witness/appraiser of Gregory Baxter's 1659 estate (Anderson GMB, Baxter profile) = the probate-office record class in footprint finding RI-000038; home unit g13-colonial-braintree-community (RI-000015/016)."
g13-colonial-braintree-community,familysearch-fulltext-search,yes,supports,yes,,G13-RI-000013,,,Thread 4 (2026-07-05): Suffolk Deeds registry copy of the 1661/2 Gurney-Thayer conveyance read via FamilySearch full-text search ('John Gurney of Braintry Taylor'); linked to the deed source_evidence RI-000013 as a second manuscript-registry representation alongside bates + suffolk-deeds-liber-iv-1888. Resolves the l.184 and case-file s10 journey gaps.
g13-colonial-braintree-community,adams-history-of-braintree-1891,yes,context_for,yes,,G13-RI-000011,,,"Thread 4 (2026-07-05): Adams, History of Braintree (1891) p.5 - Tyng's 1639 Mount Wollaston purchase and non-resident proprietorship; context_for the Tyng-leasehold item RI-000011. Resolves the immigration-topic 1640s-gap journey gap for this source."
g13-colonial-braintree-community,adams-genesis-massachusetts-town-1892,yes,context_for,yes,,G13-RI-000011,,,"Thread 4 (2026-07-05): Adams, 'Genesis of the Massachusetts Town' (1892) - non-resident-proprietor doctrine behind the absentee Mount Wollaston/Braintree allotments; context_for the Tyng-leasehold item RI-000011. Resolves the immigration-topic 1640s-gap journey gap for this source."
g13-colonial-braintree-community,sprague-braintree,yes,supports,yes,,G13-RI-000047,,,"Thread 4 (2026-07-05): Sprague, Genealogies of the Families of Braintree p.695 (John Gurney entry) - compiled derivative genealogy recording John as a Braintree tailor; supports the canonical occupation finding RI-000047 as published corroboration (not independent primary evidence). Resolves the fact-sheet Vitals-Occupation, case-file s1, and immigration-topic sprague journey gaps."
g13-colonial-braintree-community,massachusetts-archives-vol-45-lands-1622-1726,yes,supports,yes,,G13-RI-000184,,,"[G3 2026-07-10] NEW source (Phase 1 registration; data/sources.json + validation worksheet). The imaged 1646 Braintree meadows petition (Mass. Archives vol. 45 p. 11 + answer slip p. 11a, DGS 007702989 imgs 1403/1402) - source_evidence RI-000184 SUPPORTS the residence finding RI-000008 and the community-standing finding RI-000016. Cited at folio/image level (not the volume). Distinct from the still-unlocated 1645 plantation petition. Assimilates dump F-R4.1."
g13-colonial-material-life,fs-suffolk-probate-1636-1915,yes,supports,yes,,G13-RI-000033,,,"Thread 4 (2026-07-05): FamilySearch digitisation of the Suffolk probate file papers (DGS 102840311, Case #338 image 516) - the digital-image representation of the same manuscript inventory RI-000033. Resolves the case-file s1 journey gap for this source."
g13-colonial-material-life,suffolk-probate-index-v2-1895,yes,discovery_only,yes,,G13-RI-000033,,,"Thread 4 (2026-07-05): George, Index to the Probate Records of Suffolk vol.2 (1895) - discovery/finding-aid confirming Gurney case no.338; discovery_only link on the inventory evidence RI-000033. Its canonical home per Plan 2b s5; resolves the l.107 and case-file s1 journey gaps for this source."
g13-research-source-coverage,ancestry-english-adventurers-emigrants-1609-1660,yes,negative_within_scope,yes,,G13-RI-000048;G13-RI-000053,,,"Coldham, English Adventurers & Emigrants 1609-1660 (Ancestry dbid 49150), Gurn* wildcard: only 'Gurnard's Head, Bermuda' place hits (negative_within_scope RI-000048). Same 2026-07-03 'Coldham' card-catalog sweep grounds the residual clause of the coverage synthesis RI-000053 (CBE 1607-1660 not on Ancestry). Registered v1.8.0 + validation worksheet."
g13-research-source-coverage,ancestry-emigrants-in-bondage-1614-1775,yes,negative_within_scope,yes,,G13-RI-000049,,,"Coldham, Emigrants in Bondage 1614-1775 (Ancestry dbid 61074), Gurn* wildcard: earliest Gurney 1683, none in 1614-1665 window (negative_within_scope RI-000049). Registered v1.8.0 + validation worksheet."
g13-research-source-coverage,ancestry-child-apprentices-christs-hospital-1617-1778,yes,negative_within_scope,yes,,G13-RI-000050,,,"Coldham, Child Apprentices in America from Christ's Hospital 1617-1778 (Ancestry dbid 49104), Gurn* wildcard: four hits all 18th-c. (negative_within_scope RI-000050). Registered v1.8.0 + validation worksheet."
g13-research-source-coverage,nehh-congregational-library-colonial-church-records,yes,negative_within_scope,yes,,G13-RI-000051,,,"New England's Hidden Histories (Congregational Library) holdings check: no pre-1690 church book for John's towns (Braintree First begins 1697, Boston First 1690, Dorchester First 1727; no Weymouth/Mendon) - negative_within_scope RI-000051. Registered v1.8.0 + validation worksheet."
g13-research-source-coverage,digital-commonwealth,yes,negative_within_scope,yes,,G13-RI-000052,,,Digital Commonwealth (MA statewide aggregator): 'Gurney Braintree' zero items (negative_within_scope RI-000052). Registered v1.8.0 + validation worksheet.
g13-research-open-questions,ftdna-gurney-ydna,yes,context_for,yes,sources/corpus_supplement/ftdna-gurney-ydna-braintree-line-2026.md,G13-RI-000056,,,"FTDNA Gurney project Braintree kit 576097 (Big Y-700, terminal R-FTD83678 within R1b>DF19>R-Z27053); carried in-unit on open_question RI-000056 (context_for) and journeys from the legacy Y-DNA block."
g13-research-open-questions,anderson-gmd-2015,yes,cross_unit,yes,,G13-RI-000042,,,Prose cross-link only (no graph item in this unit): Anderson GMD p.158 origin 'Unknown' frames the origin open question; canonical home g13-colonial-record-coverage RI-000042. cross_unit exempts the prose-graph parity gate.
g13-research-open-questions,banks-brownell-1937,yes,context_only,yes,,,,,"Prose citation with no in-unit item link: Banks p.151 Bury St Edmunds attribution, carried as a lead-level datum and redirected to the Newgate apprentice (case file s8.5); no graph item asserts it. context_only exempts the parity gate."
g13-family-wives-marriages,braintree-records-1640-1793-1886,yes,supports,yes,,G13-RI-000058;G13-RI-000062;G13-RI-000063,,,"Braintree town record (Bates 1886) pp. 717 (marriage line 'John Cheny Senior and Grizell Kidbee') and 638 (wife-death 'Cheny the wife of John Cheny'). Printed evidence RI-000058; the primary-record witness to the second marriage (RI-000062, p.717) and to first-wife Mary's 20 Sep 1661 death (RI-000063, p.638). Read as Gurney via the manuscript finding RI-000061."
g13-family-wives-marriages,familysearch-fulltext-search,yes,supports,yes,,G13-RI-000059,,,"Braintree town-record manuscript (DGS 007009769): fair-copy marriages register p.174 ink 'John Girny, Senior', bride surname blank, 'Cheny/Kidbee' a later pencil margin note; original deaths page ambiguous letterform. Manuscript source_evidence RI-000059; second representation of the same 1661 records as braintree-records."
g13-family-wives-marriages,pope-pioneers-of-massachusetts-1900,yes,supports,yes,,G13-RI-000060,,,"Pope, Pioneers of Massachusetts (1900), GURNET/GORNET entry: printed Braintree 'John Cheny, Sen.' ruled a typographical error for John Gurney. published_source_statement RI-000060. NEW source registered in data/sources.json v1.9.0 + validation worksheet."
g13-family-wives-marriages,tag-10-70,yes,supports,yes,,G13-RI-000062,,,"Holman, 'Grissell of the Many Marriages,' TAG 10:70-73: 12 Nov 1661 Braintree marriage by Peter Brackett to 'John Gurney Sr.'; husband sequence Jewell-Griggs-Kibbee-Gurney-Burge; compiled Fletcher/Chelmsford parentage. Supports the second-marriage finding RI-000062."
g13-family-wives-marriages,torrey-new-england-marriages-prior-1700,yes,supports,yes,,G13-RI-000062;G13-RI-000063,,,"Torrey, New England Marriages Prior to 1700, p.331: second-wife entry 'John (1603-1663) & 2/wf Grezell (Fletcher)(Jewell)(Griggs) Kibbee ... 12 Nov 1661 Braintree' (supports RI-000062); first-wife entry 'John (-1663) & 1/wf ? (-1661), b 1628, Weymouth' corroborates a first wife who died 1661 and a marriage before 1628 but leaves her unnamed (supports RI-000063)."
g13-family-wives-marriages,sprague-braintree,yes,supports,yes,,G13-RI-000063,,,"Sprague, Genealogies of the Families of Braintree, p.695: first wife Mary, maiden name treated as unknown. Supports the first-wife finding RI-000063."
g13-family-wives-marriages,shedd-daniel-shed-genealogy-1920,yes,supports,yes,,G13-RI-000063,,,"Shedd, Daniel Shed Genealogy: Daniel Shed (bapt. Finchingfield 1620) m. Mary Gurney Braintree 1647 - bounds the daughter's birth to by c.1628 and John and Mary's English marriage to the mid-1620s. Supports the first-wife finding RI-000063."
g13-family-wives-marriages,findmypast-england-marriages-gurney-mary-wildcard-sweep-2026-06,yes,negative_within_scope,yes,,G13-RI-000064,,,"Findmypast England Marriages wildcard sweep (G*rn* + Mary, 1620-1634, with/without groom John): no East Anglian John Gurney x Mary event. Grounds the unrecovered-English-marriage negative RI-000064."
g13-family-family-group,sprague-braintree,yes,supports,yes,,G13-RI-000065,,,"Sprague, Genealogies of the Families of Braintree, p.695, John Gurney entry: children Sarah, Mary, Richard, John, Peter (Sarah first, otherwise undocumented). Supports the reconstructed family-group roster finding RI-000065."
g13-family-family-group,history-of-weymouth,yes,supports,yes,,G13-RI-000065,,,"History of Weymouth (1923), vol.3 p.251, John Gurney family entry: same child roster on the Weymouth side. Supports the roster finding RI-000065."
g13-family-family-group,rigler-gurney-family-aaron-zuinglius-1994,yes,supports,yes,,G13-RI-000065,,,"Rigler, The Gurney Family from Aaron to Zuinglius, John Gurney-1 children entry: compiled roster. Supports the roster finding RI-000065. Local baseline captured at hash-sources (rev 55)."
g13-family-family-group,torrey-new-england-marriages-prior-1700,yes,supports,yes,sources/corpus_supplement/torrey-new-england-marriages-prior-1700-page-331-gurney.md,G13-RI-000066,,,"Torrey, New England Marriages Prior to 1700, p.331 Gurney block: one-page John1 family-group cross-check (John1 dates b.c.1603 d.1663; John Jr. Mendon household Ruth/John/Samuel/Mary). source_evidence RI-000066 SUPPORTS the roster RI-000065."
g13-family-family-group,familysearch-fulltext-search,yes,supports,yes,,G13-RI-000068,,,"Isaac Gurney court cluster via FamilySearch full-text: Plymouth court 1 Mar 1663/4 (Scituate pilfering); Suffolk County court file no.792, June 1667 (Boston commitment before Daniel Gookin). source_evidence RI-000068 SUPPORTS the Isaac by-elimination analysis RI-000067."
g13-family-family-group,shedd-daniel-shed-genealogy-1920,yes,cross_unit,yes,,G13-RI-000063,,,Prose cross-link only (no graph item in this unit): Daniel Shed x Mary Gurney 1647 places daughter Mary in the group and sets the childbearing window; canonical home g13-family-wives-marriages first-wife finding RI-000063. cross_unit exempts the prose-graph parity gate.
g13-family-family-group,bodge-soldiers-king-philips-war-1891,yes,cross_unit,yes,sources/corpus_supplement/bodge-soldiers-king-philips-war-1891-gurney-extracts.md,,,,"Prose cross-link only (no graph item in this unit): Bodge p.114 'Peeter Gurnay' places Peter and John Jr. in the group; their war service and the post-1662 descendant stream are g13-family-mendon-descendants material. cross_unit exempts the parity gate here; bodge now journeys directly there (RI-000133, 2026-07-09)."
g13-origin-age-baptism,nehgr-62-94,yes,supports,yes,sources/validations/nehgr-62-94.md,G13-RI-000070,,,"NEHGR vol.62 (1908) p.94, Suffolk Court Files no.188: 'John Gurney of Brayntree aged 50 Yeares or thereabouts', dated 17-1-[16]52-3. Carried as source_evidence RI-000069 (the age datum), which SUPPORTS the birth-window finding RI-000070. The same source's 'of Brayntree' residence bearing journeys separately on RI-000010 in g13-colonial-braintree-community."
g13-origin-age-baptism,nro-pd-86-41,yes,cross_unit,yes,sources/media/parish-register/,,,,"Prose cross-link only (no graph item in this unit): East Dereham register PD 86/41 image 00715 Entry E ('John son of ffrancis Gurnie', c.1609/10) supplies the younger birth-window reading weighed in analysis RI-000071. Canonical home is the identity/Candidate-B work (unstaged) plus the G14 Francis companion image apparatus; cross_unit exempts the prose-graph parity gate."
g13-origin-age-baptism,shedd-daniel-shed-genealogy-1920,yes,cross_unit,yes,https://archive.org/details/danielshedgeneal01shed,,,,"Prose citation carried without an in-unit item link: Daniel Shed's 1620 Finchingfield baptism + 1647 Braintree marriage to Mary Gurney bound John's marriage to the mid-1620s (adult by c.1625), the older-end handle on the birth window. Canonical home g13-family-wives-marriages first-wife finding RI-000063, reached here via RI-000070 DEPENDS_ON RI-000063; cross_unit exempts the parity gate."
g13-origin-trade-training,ukda-9263-mt-apprentices-scott-2024,yes,negative_within_scope,yes,sources/media/ukda-9263-merchant-taylors-apprentices/gurney-variants-extract.csv,G13-RI-000072;G13-RI-000088,,,"Scott 2024 (UKDA-SN-9263), full Merchant Taylors' binding/freedom transcription: no John-son-of-Francis binding to any MT master and zero Gurney patrimony freedoms across 1583-1800. Grounds negative_result RI-000072 (negative_within_scope). Origin surface is the un-frozen research/topics/merchant-taylors-1583-1800-gurney-analysis.md (outside the Plan 2b frozen inventory), so no legacy/supplemental row is due; the source journeys here via RI-000072. corpusPath repointed to the Gurney-variants extract CSV this pass so the artifact resolves and hash-baselines (validate 0/0). Also context_for RI-000088: Francis Gurney's own Merchant Taylor binding/freedom (father-son trade orientation)."
g13-origin-trade-training,millican-register-freemen-norwich-1934,yes,negative_within_scope,yes,sources/corpus_supplement/millican-norwich-freemen-apprentices-gurney-extracts.md,G13-RI-000073,,,"Register of the Freemen of Norwich 1548-1713: no John Gurney freedom admission c.1615-1660 (Gurney content otherwise Elizabethan + James Gurny freed 1648). Grounds negative_result RI-000073. From the frozen legacy block 'Online and full-text lead dispositions' (l.393), a ten-source multi-destination row left backlog and annotated; this source journeys via RI-000073."
g13-origin-trade-training,rising-millican-norwich-apprentices-index-nrs29-1959,yes,negative_within_scope,yes,sources/corpus_supplement/millican-norwich-freemen-apprentices-gurney-extracts.md,G13-RI-000073,,,"Index of Indentures of Norwich Apprentices (NRS 29, 1959): no enrolled John Gurney apprenticeship in the emigrant window; sole 17th-c Gurney is James s. Francis of St Peter Parmentergate (bound Michaelmas 1627). Grounds negative_result RI-000073. Same frozen legacy block (l.393) as millican; row stays backlog, annotated; this source journeys via RI-000073."
g13-origin-trade-training,winthrop-history-new-england-addenda-1636,yes,supports,yes,,G13-RI-000075,,,"Winthrop/Savage, History of New England Addenda p.422: the 21 July 1636 Newgate/Gurney apprentice order. Carried as analysis RI-000075 (the one enrolled 'John Gurney' apprenticeship, de-conflated from the emigrant on chronology). From the frozen legacy block 'The Newgate apprenticeship / 1636 record - de-conflated' (l.306); the trade-training bearing journeys here via RI-000075, the fuller de-conflation stays backlog -> identity."
g13-origin-trade-training,nehgr-62-94,yes,supports,yes,,G13-RI-000075,,,"The 17 March 1652/3 Wilson v. Faxon deposition gives the Braintree John as about fifty, supporting the older birth estimate used to distinguish him from the c.1615 Newgate apprentice. Directly linked to RI-000075 in the review revision."
g13-origin-trade-training,shedd-daniel-shed-genealogy-1920,yes,supports,yes,,G13-RI-000075,,,"The first-wife and daughter chronology (marriage by the mid-1620s; daughter born by c.1628) supports the conclusion that a c.1615 apprentice cannot be the Braintree father. Directly linked to RI-000075 in the review revision."
g13-origin-migration-network,history-of-weymouth,yes,context_for,yes,,G13-RI-000076;G13-RI-000090,,,"History of Weymouth (1923) family entries: Ludden the Old Planter (by 1632), Richard Porter a 1635 Hull-company settler, John King an early King's-Cove planter - grounds the reception finding RI-000076. Journeys in-unit via RI-000076. Also grounds the reception-network analysis RI-000090 (land-and-neighbour rings)."
g13-origin-migration-network,porter-genealogy-richard-porter-1878,yes,context_for,yes,sources/corpus_supplement/porter-genealogy-richard-porter-1878-gurney-extract.md,G13-RI-000076,,,Porter genealogy p.225 ('Ludden and Gurney were of Weymouth'): Richard Porter a 1635 Weymouth settler. Context_for the reception reading RI-000076; also carried in arrival/weymouth units.
g13-origin-migration-network,banks-planters-of-the-commonwealth-1930,yes,negative_within_scope,yes,,G13-RI-000077;G13-RI-000089,,,"NEW source (data/sources.json v1.10.0). Banks, Planters of the Commonwealth (1930): arranged Bevis/Diligent/Mary Anne lists carry no Gurney variant. Grounds the passenger-list negative RI-000077; journeys in-unit. Also context_for the Great-Migration-timing analysis RI-000089 (list survival by year)."
g13-origin-migration-network,drake-result-of-researches-1860,yes,negative_within_scope,yes,,G13-RI-000077;G13-RI-000089,,,"NEW source (data/sources.json v1.10.0). Drake, Result of Some Researches (1860): near-primary examinations for the same three ships; no New England Gurney passenger (sole 'Gourney' = Mayor of Dartmouth, unrelated St Christopher list). Grounds RI-000077; journeys in-unit. Also context_for the Great-Migration-timing analysis RI-000089."
g13-origin-migration-network,familysearch-fulltext-search,yes,negative_within_scope,yes,,G13-RI-000078,,,"FTS +Gurney/+Gurny +Hingham across pre-1800 MA full-text: zero Hingham-town hits (Hobart journal untested, gated). Grounds the Hingham reception-corridor negative RI-000078; journeys in-unit."
g13-origin-migration-network,suffolk-deeds-liber-iv-1888,yes,cross_unit,yes,sources/corpus_supplement/suffolk-deeds-liber-iv-1888-gurney-extracts.md,,,G13-RI-000079,"Prose-only cross-reference in the weak-lever section (Tyng of Stanford Rivers, Essex). Canonical home is g13-colonial-braintree-community; cited cross_unit here (no in-unit item link) - parity-exempt."
g13-origin-migration-network,shedd-daniel-shed-genealogy-1920,yes,cross_unit,yes,,,,G13-RI-000079,"Prose-only cross-reference in the weak-lever section (Daniel Shed of Finchingfield, Essex). Canonical homes are g13-family-wives-marriages / g13-colonial-frontier-rights; cited cross_unit here - parity-exempt."
g13-origin-wardship-network,mhs-winthrop-papers-gurdon-to-winthrop-1627,yes,supports,yes,,G13-RI-000080,,,The 1627 Gurdon-Winthrop letter (Winthrop Papers I:363 / MHS PWF01d256); primary document for the Court-of-Wards channel. Also underpins finding G13-RI-000083 and open_question G13-RI-000085 via relations.
g13-origin-wardship-network,tna-ward-c142-west-barsham-gurney-inquisitions,yes,supports,yes,,G13-RI-000081,,,Catalogue-level WARD 7 / C 142 inquisitions establishing the West Barsham wardship; underpins finding G13-RI-000083 via relations. Document pulls queued offline.
g13-origin-wardship-network,armstrong-norfolk-1781,yes,supports,yes,,G13-RI-000081,,,Edward Gournay chancel brass (d. Aug 1641; son and heir of Thomas Gournay and Martha Lewkenor) corroborating the wardship identifications. Fuller senior-branch account in research/places/west-barsham.md.
g13-origin-wardship-network,farrer-church-heraldry-norfolk,yes,supports,yes,,G13-RI-000081,,,"Independent 1887 record of the Edward Gournay brass, 'aetatis suae 33' (b. c.1608)."
g13-origin-wardship-network,blomefield-norfolk,yes,qualifies;supports,yes,,G13-RI-000185,,G13-RI-000081,"Two Blomefield uses in this unit: the variant 'Edmund / Frances Hovell / heir aged nine' terminal-generation reading QUALIFIES RI-000081 (unreconciled with the brass, not resolved); and the parish-advowson sweep (West Barsham vicars list + Gurney patron 1603 + 1603-1743 institution gap; Harpley and Great Ellingham excluded as the 1627 living) SUPPORTS the advowson evidence RI-000185, which in turn QUALIFIES the open Warford question RI-000085. West Barsham advowson extract carried in sources/corpus_supplement/blomefield-norfolk-vol7-pp42-47-west-barsham.md. Assimilates dump F-R3.6 (wardship-network bearing)."
g13-origin-wardship-network,muskett-suffolk-manorial-families-v1-1900,yes,supports,yes,,G13-RI-000082,,,Gurdon-of-Assington pedigree (pp.285-288) and the 1591 will of Martha Heigham of Denham (pp.289-290); the Gurdon-Sedley-Lewkenor puritan matrix. No Gurney in the volume. Underpins finding G13-RI-000083 via relations.
g13-origin-wardship-network,alumni-cantabrigienses-venn,yes,negative_within_scope,yes,,G13-RI-000085,,,Warford negative: no Warford of any spelling in Venn's Alumni Cantabrigienses to 1751.
g13-origin-wardship-network,foster-alumni-oxonienses-1500-1714,yes,negative_within_scope,yes,,G13-RI-000085,,,Warford negative: only too-early Elizabethan Bristol Warfordes in Foster's Alumni Oxonienses; added to RI-000085 via editor add_source_link.
g13-origin-wardship-network,familysearch-fulltext-search,yes,supports,yes,,G13-RI-000081,,,"Henry Gurney G15's 1 May 1621 will (packet read) names Thomas III living, fixing his death vita patris 1621x1623 and Edward's minority; added to RI-000081 to source the wardship chronology. Fuller treatment on the G15 companion (lead L-113)."
g13-origin-age-baptism,nro-pd-12-1,yes,supports,yes,,G13-RI-000086,,G13-RI-000070,"NRO PD 12/1: Francis Gurney x Margaret Rybett marriage, 23 Sep 1611, St Martin at Palace, Norwich. Carried as source_evidence RI-000086 (the fourth chronological handle on John's birth window); QUALIFIES the birth-window finding RI-000070. Parentage bearing held to the identity work; canonical home of the marriage is the G14 companion / case file."
g13-origin-age-baptism,findmypast-norfolk-banns-marriages-index,yes,supports,yes,sources/validations/findmypast-norfolk-banns-marriages-index.md,G13-RI-000086,,,"Corroborating index of the 1611 parents-marriage (Margaret Rybett x Frans, St Martin at Palace) on RI-000086."
g13-origin-age-baptism,shepard-spicksley-worth-age-2011,yes,context_for,yes,,G13-RI-000087,,,Methodological authority (age heaping in early-modern English depositions) for the decade-rounded reading of the deposition age; carried on analysis RI-000087.
g13-origin-trade-training,bho-hmc-kings-lynn-misc-writings,yes,context_for,yes,sources/corpus_supplement/bho-hmc-kings-lynn-francis-gurney-1622.md,G13-RI-000088,,,"HMC 11th Report App.III, King's Lynn Misc. Writings: Francis Gurney's 1622 worsted-yarn scheme with a Great Ellingham woolchapman - the family textile world grounding the trade-as-origin-handle analysis RI-000088."
g13-origin-migration-network,history-of-town-of-hingham-1893,yes,context_for,yes,sources/corpus_supplement/hingham-massachusetts-norfolk-emigrant-cohort-1633-1639.md,G13-RI-000091,,,"History of Hingham (1893): Cushing 206-from-Norfolk list + Diligent cohort parishes overlapping the Gurney Norfolk orbit (Great Ellingham, Hingham, Dereham) - the Norfolk-Hingham reception-corridor analysis RI-000091."
g13-origin-bury-connections,banks-brownell-1937,yes,supports,yes,,G13-RI-000092;G13-RI-000097,,,Banks/Brownell Topographical Dictionary p.151 'Bury St. Edmunds ... Banks Mss.' entry + the p.151 Bury emigrant cohort - carried as source_evidence RI-000092 and interpreted by the attribution finding RI-000097.
g13-origin-bury-connections,wikitree-newgate-14-horningsheath,yes,supports,yes,,G13-RI-000093,,,"John Newgate of Horningsheath (~3 mi from Bury St Edmunds), the master of the 1636 'John Gurney' apprentice - source_evidence RI-000093, the mechanism behind Banks's Bury tag."
g13-origin-bury-connections,bury-st-james-registers,yes,supports;negative_within_scope,yes,,G13-RI-000094;G13-RI-000096,,,"Bury St James register sweep (DGS 007413310): the only Bury Gurney household is Thomas x Lidda Broddish (m. c.1633-35), too late - evidence RI-000094 and one leg of the cleared-birthplace negative RI-000096."
g13-origin-bury-connections,findmypast-bury-st-edmunds-st-mary-gurney-burials-1653-1656,yes,supports;negative_within_scope,yes,,G13-RI-000095;G13-RI-000096,,,Bury St Mary Gurney burials 1653-56 (a Bury John buried 1653) - evidence RI-000095 and the other leg of the cleared-birthplace negative RI-000096.
g13-origin-bury-connections,anderson-gmd-2015,yes,supports,yes,,G13-RI-000097,,,Anderson GMD p.158 gives the origin as 'Unknown' - corroborates the finding RI-000097 that Banks's Bury attribution is an unproven lead.
g13-origin-bury-connections,winthrop-history-new-england-addenda-1636,yes,cross_unit,yes,,,,,"Prose footnote [^order] cites the 1636 Newgate-apprentice Boston-court order (Winthrop/Savage Addenda p.422); its canonical in-graph home is G13-RI-000075 in g13-origin-trade-training, so it carries no in-unit item link here. cross_unit exempts the parity gate."
g13-origin-traditions,accessgenealogy-lysander-franklin-gurney,yes,supports,yes,,G13-RI-000098;G13-RI-000101,,,AccessGenealogy 1912 Lysander Franklin Gurney sketch: the 29 Sept 1615 birth/Newgate-apprentice tradition (RI-000098) and the arms-cherished claim (RI-000101).
g13-origin-traditions,american-biography-cyclopedia-v26-gurney-1926,yes,supports,yes,,G13-RI-000098;G13-RI-000101,,,American Biography vol.26 (1926): the 29 Sept 1615 birth/Southwark tradition (RI-000098) and the American-arms/Norfolk-connection claim (RI-000101).
g13-origin-traditions,findagrave-john-gurney-252975617,yes,supports,yes,,G13-RI-000098;G13-RI-000099,,,Find a Grave memorial 252975617: the recycled 1615-birth/'Brent' tradition (RI-000098) and the new Elm Street Cemetery burial-place datum (RI-000099).
g13-origin-traditions,pettigrew-collectanea-house-gournay-1871,yes,supports,yes,,G13-RI-000101,,,"Pettigrew 1871 blazon (argent, a cross engrailed gules) corroborating the arms tradition's Norfolk correspondence, RI-000101."
g13-origin-traditions,farrer-church-heraldry-norfolk,yes,supports,yes,,G13-RI-000101,,,"Farrer 1887: in-situ West Barsham/Harpley Gournay arms, corroborating RI-000101. Also cited (a different fact) in g13-origin-wardship-network RI-000081."
g13-origin-traditions,armstrong-norfolk-1781,yes,supports,yes,,G13-RI-000101,,,"Armstrong 1781: West Barsham chancel-brass arms transcription, corroborating RI-000101. Also cited (a different fact) in g13-origin-wardship-network RI-000081."
g13-origin-traditions,winthrop-history-new-england-addenda-1636,yes,cross_unit,yes,,,,,Prose footnote [^winthrop] cites the 1636 Newgate-apprentice court order; canonical in-graph home is G13-RI-000075 in g13-origin-trade-training. cross_unit exempts the parity gate.
g13-origin-traditions,wikitree-newgate-14-horningsheath,yes,cross_unit,yes,,,,,Prose footnote [^newgate-southwark] cites Newgate's Southwark residence; canonical in-graph home is G13-RI-000093 in g13-origin-bury-connections. cross_unit exempts the parity gate.
g13-identity-candidate-overview,anderson-gmd-2015,yes,supports,yes,sources/corpus/The Great Migration Directory 2025 Page 158.txt,G13-RI-000106,,,"Anderson's own bracketed documentary basis for the John Gurney entry (p.158: WJ 2:422; MBCR 1:331; NEHGR 62:94; SPR Case #338; Weymouth Hist 3:251; TAG 10:70-73) corroborates the candidate-landscape finding's elimination-by-profile framing. Linked directly on RI-000106's item_sources. [Topic id repointed 2026-07-10: this row belongs to the candidate-overview unit, which now carries the id g13-identity-candidate-overview; g13-identity-assessment now names the 37-identity-assessment synthesis unit.]"
g13-identity-candidate-overview,fischer-albions-seed-1989,yes,context_only,no,,G13-RI-000104,,,"Prose footnote [^religion] cites the Puritan East Anglian migration-corridor context for the matching-criteria profile's soft religion strand. Not linked to an item_source; context_only exempts the parity gate. [Topic id repointed 2026-07-10: this row belongs to the candidate-overview unit, which now carries the id g13-identity-candidate-overview; g13-identity-assessment now names the 37-identity-assessment synthesis unit.]"
g13-identity-candidate-a,fs-england-births-christenings,yes,supports,yes,,G13-RI-000107;G13-RI-000108,,,FS index records for the Stewkley/Aylesbury baptism chain (RI-000107) and the Luke Gurney / Edward Gurny Aylesbury households (RI-000108).
g13-identity-candidate-a,findmypast-bucks-marriage-index,yes,supports,yes,,G13-RI-000107;G13-RI-000108,,,1628 Bierton marriage (RI-000107) and household-map cross-reference (RI-000108).
g13-identity-candidate-a,findmypast-bucks-baptism-index,yes,supports,yes,,G13-RI-000108,,,"East Claydon, Chesham, Wing, and Cublington baptism entries in the Bucks household map."
g13-identity-candidate-a,findmypast-bucks-burial-index,yes,supports,yes,,G13-RI-000108,,,"East Claydon, Chesham, and Edward Gurny burial entries in the Bucks household map."
g13-identity-candidate-a,phillimore-bucks-marriages-vol1,yes,supports,yes,,G13-RI-000109,,,1661 Edlesborough John Gurney x Mary Kidgell marriage cluster.
g13-identity-candidate-ackworth,findmypast-ackworth-gurnoe-burton-marriage-1636,yes,supports,yes,,G13-RI-000111,,,1636 Ackworth marriage transcript.
g13-identity-candidate-ackworth,findmypast-ackworth-gurnoe-baptism-1637-john-thomas,yes,supports,yes,,G13-RI-000111,,,1637 Ackworth baptism transcript.
g13-identity-candidate-ackworth,sprague-braintree,yes,cross_unit,yes,,,,,Prose footnote cites Sarah's c.1628 birth bounding the colonial John's first marriage; canonical in-graph home is G13-RI-000065 in g13-family-family-group. cross_unit exempts the parity gate.
g13-identity-candidate-ackworth,torrey-new-england-marriages-prior-1700,yes,cross_unit,yes,,,,,Same footnote as sprague-braintree above; canonical home is G13-RI-000065 in g13-family-family-group. cross_unit exempts the parity gate.
g13-identity-other-eliminations,familysearch-fulltext-search,yes,supports,yes,,G13-RI-000114,,,"1638 Earsham will, full-resolution image read."
g13-identity-other-eliminations,paige-list-freemen-massachusetts-1849,yes,supports,yes,,G13-RI-000116,,,"John Gurnell 1643 freeman application, distinct-surname resolution."
g13-identity-other-eliminations,findmypast-uk-parish-baptisms,yes,supports,yes,,G13-RI-000117,,,"Norfolk household-density survey, six parishes."
g13-identity-other-eliminations,fs-england-births-christenings,yes,supports;negative_within_scope,yes,,G13-RI-000117;G13-RI-000118;G13-RI-000119,,,Denton baptism (RI-000117); Richard/Isaac cluster-anchor negative search (RI-000118); Toddington burial/marriage (RI-000119).
g13-identity-other-eliminations,lma-st-mary-harrow-register-dro003,yes,supports,yes,,G13-RI-000119,,,Harrow on the Hill 1668/9 burials of a continuing John & Mary Gurney household.
g13-identity-other-eliminations,lma-st-giles-cripplegate-register-p69-gis-a-002,yes,supports,yes,,G13-RI-000119,,,"1640 Cripplegate burial, third Garney/Gurney family."
g13-identity-other-eliminations,tna-pcc-gurney-elimination-corpus,yes,supports,yes,,G13-RI-000119,,,PCC probate comparators anchoring separate English clusters.
g13-identity-other-eliminations,protestation-returns,yes,context_for,yes,,G13-RI-000119,,,"1641-42 Buckinghamshire returns, no John Gurney indexed; corroborates Candidate A's elimination cross-unit."
g13-identity-other-eliminations,gibson-dell-protestation,yes,context_for,yes,,G13-RI-000119,,,County-coverage finding aid for the Protestation Returns.
g13-identity-london-candidate,acl-robert-gurney-will-1625,yes,supports,yes,,G13-RI-000121,,,Robert Gurney's 1625 will naming John son and executor of the Old Change household.
g13-identity-london-candidate,rollco-drapers-gurney-old-change-cluster,yes,supports,yes,,G13-RI-000121,,,"Robert's 1581 Drapers' freedom and John's 1623/4 redemption/1630 master events; also carries the Hanging Houghton comparator mention (prose context only, no separate item)."
g13-identity-london-candidate,ancestry-pcc-wills-1384-1858,yes,negative_within_scope,yes,,G13-RI-000124,,,No Anne Gurney widow will/administration found 1625-1670. Previously an unregistered placeholder in the frozen candidate file; now registered (data/sources.json + validation worksheet).
g13-identity-london-candidate,arber-stationers-bsoc-petition-1646-hunscott,yes,context_for,yes,,G13-RI-000125,,,"Hunscot's 1646 petition, corroborating his continuing Stationers' standing."
g13-identity-london-candidate,arber-stationers-registers-1554-1640-deferred,yes,mentions,,,G13-RI-000125,,,"Still-unretrieved Arber Stationers' Registers vol. 3 raw-entry pull that might confirm the H-D1 father-name link, linked `mentions` on the redemption-analysis item."
g13-identity-london-candidate,bho-1640-principal-inhabitants-london-deferred,yes,mentions,,,G13-RI-000122,,,"Still-unretrieved 1640 Harvey list pull, linked `mentions` on the continuing-presence item."
g13-identity-london-candidate,bho-beaven-aldermen-richard-gourney-1589-1597,yes,mentions,yes,,G13-RI-000121,,,"Richard Gourney alderman/sheriff comparator, linked `mentions` on the identity-anchor item."
g13-identity-london-candidate,bho-london-hearth-tax-merry-2010,yes,supports,yes,,G13-RI-000122,,,"Decisive 1662 hearth-tax entry (1 hearth, ""poore""), the elimination ground."
g13-identity-london-candidate,bho-london-inhabitants-st-augustine-1638,yes,supports,yes,,G13-RI-000122,,,1638 St Augustine rents return placing John Gurney at £10.
g13-identity-london-candidate,bho-port-trade-early-elizabethan-london-richard-gurney-1567-8,yes,mentions,yes,,G13-RI-000121,,,"Richard Gurney haberdasher comparator (unrelated mercantile Gurney/Gournay), linked `mentions` on the identity-anchor item."
g13-identity-london-candidate,findmypast-boyds-inhabitants-london-candidate-d-gurney-cards,yes,supports,yes,,G13-RI-000122,,,Boyd's card corroborating the 1638/1661 St Augustine continuity.
g13-identity-london-candidate,fs-england-births-christenings,yes,negative_within_scope,yes,,G13-RI-000124,,,No wife Mary or matching children found in London parish/index records 1620-1641.
g13-identity-london-candidate,lma-st-augustine-watling-register-candidate-d-images,yes,context_for,yes,,G13-RI-000121,,,"Robert's earlier St Augustine children 1595/6-1601, weakening the Anne-Morris-as-mother assumption."
g13-identity-london-candidate,lma-st-magnus-martyr-register-candidate-d-images,yes,context_for,yes,,G13-RI-000121,,,1611 St Magnus the Martyr marriage of Robert Gourney and Anne Morris.
g13-identity-london-candidate,rollco-stationers-gurney-1613-1626,yes,supports,yes,,G13-RI-000125,,,1613 Stationers' apprenticeship binding of a John Gurney to James Boler.
g13-identity-london-candidate,rollco-stationers-hunscott-cluster,yes,context_for,yes,,G13-RI-000125,,,Joseph Hunscott/Henscott Stationers' master-event corpus supporting the H-D1 reading.
g13-identity-london-candidate,tna-e179-1661-london-poll-tax-deferred,yes,mentions,,,G13-RI-000122,,,"Still-unretrieved 1661 Free and Voluntary Present pull, linked `mentions` on the continuing-presence item; no longer load-bearing since the 1662 hearth tax confirms the elimination."
g13-family-mendon-descendants,bodge-soldiers-king-philips-war-1891,yes,supports,yes,sources/corpus_supplement/bodge-soldiers-king-philips-war-1891-gurney-extracts.md,G13-RI-000133,,,"p.114, Capt. Isaac Johnson's company, Dedham muster 1675, ""Peeter Gurnay"" on the Weymouth file - source_evidence RI-000133 supporting Peter's war service and 1676 death (RI-000134). [Row re-authored 2026-07-09 from the topic file and the graph after the prior working-tree row was lost to a malformed CSV field; gating columns verified against item_sources, notes prose is new.]"
g13-family-mendon-descendants,familysearch-fulltext-search,yes,supports,yes,,G13-RI-000126;G13-RI-000129,,,"Mendon manuscript town births (""Samuel son of John & Ruth Gurney,"" 14 March 1671) on RI-000126, and the Suffolk County probate registry copy used on RI-000129 to settle which same-named John cousin died at Mendon in 1675. [Row re-authored 2026-07-09 from the topic file and the graph after the prior working-tree row was lost to a malformed CSV field; gating columns verified against item_sources, notes prose is new.]"
g13-family-mendon-descendants,mendon-proprietors-records-1899,yes,supports,yes,sources/corpus_supplement/mendon-proprietors-records-1899-gurney-extracts.md,G13-RI-000130;G13-RI-000131,,,"pp.13, 152-153 (John Gurny's twenty-acre lot, sold 1692) and pp.13, 43, 46, 463 (Grisel Gurney's separate lot, her will, and its chain) - the two source_evidence items behind the two-lot-holders finding RI-000132. [Row re-authored 2026-07-09 from the topic file and the graph after the prior working-tree row was lost to a malformed CSV field; gating columns verified against item_sources, notes prose is new.]"
g13-family-mendon-descendants,nehgr-49-genealogical-gleanings-john-lewis,yes,mentions,yes,,G13-RI-000135,,,"John Lewis of Nevis will abstract, ""Mary Gurney the daughter of John Gurney"" - one of the two unresolved John-Jr.-line leads carried on the open_question RI-000135. [Row re-authored 2026-07-09 from the topic file and the graph after the prior working-tree row was lost to a malformed CSV field; gating columns verified against item_sources, notes prose is new.]"
g13-family-mendon-descendants,plymouth-colony-records-vol8-shurtleff-pulsifer-1857,yes,supports,yes,,G13-RI-000127,,,"vol.8, Taunton town return, printed p.~60: ""John Bundey married to Ruth Surney [Gurney]"" - primary witness for Ruth's 9 January 1676 remarriage (RI-000127). [Row re-authored 2026-07-09 from the topic file and the graph after the prior working-tree row was lost to a malformed CSV field; gating columns verified against item_sources, notes prose is new.]"
g13-family-mendon-descendants,pope-pioneers-of-massachusetts-1900,yes,contradicts,yes,,,G13-RI-000127,,"BUNDY entry, ""he m. 9 Jan. 1676, Jane Gurney of Mendon"" - contradicts RI-000127 on the bride's forename; the two primary records (Plymouth Colony and Taunton VR) both read Ruth, so Pope's ""Jane"" is the error. [Row re-authored 2026-07-09 from the topic file and the graph after the prior working-tree row was lost to a malformed CSV field; gating columns verified against item_sources, notes prose is new.]"
g13-family-mendon-descendants,rigler-gurney-family-aaron-zuinglius-1994,yes,supports,yes,sources/corpus_supplement/rigler-gurney-aaron-zuinglius-g9-g12-extract.md,G13-RI-000128;G13-RI-000134,,,"John Gurney-1 children entry - compiled-genealogy support for John Jr.'s Mendon household (RI-000128) and Peter's death (RI-000134). [Row re-authored 2026-07-09 from the topic file and the graph after the prior working-tree row was lost to a malformed CSV field; gating columns verified against item_sources, notes prose is new.]"
g13-family-mendon-descendants,sprague-braintree,yes,supports,yes,,G13-RI-000128;G13-RI-000134,,,"p.695, John Gurney entry - the Braintree compiled genealogy, second compiled witness alongside Rigler for RI-000128 and RI-000134. [Row re-authored 2026-07-09 from the topic file and the graph after the prior working-tree row was lost to a malformed CSV field; gating columns verified against item_sources, notes prose is new.]"
g13-family-mendon-descendants,taunton-vital-records-to-1850-vol2-marriages-1928,yes,supports;mentions,yes,,G13-RI-000127;G13-RI-000135,,,"vol.2 (Marriages): ""BUNDY, John ... and Ruth Garney [Gurney] of Mendun, Jan. 9, 1675-6"" supports RI-000127; the ""GURNEY (Garney), Elizabeth and Timothy Cooper"" entry (16 October) is one of the Taunton-area descendant leads on RI-000135. [Row re-authored 2026-07-09 from the topic file and the graph after the prior working-tree row was lost to a malformed CSV field; gating columns verified against item_sources, notes prose is new.] [Role repaired 2026-07-10: the graph carries two links for this source - supports on RI-000127 and mentions on RI-000135 - and the 2026-07-09 re-authoring dropped the second role token.]"
g13-family-mendon-descendants,torrey-new-england-marriages-prior-1700,yes,supports,yes,sources/corpus_supplement/torrey-new-england-marriages-prior-1700-page-331-gurney.md,G13-RI-000128,,,"p.331, third Gurney line: ""John (-1675?) & Ruth ?Retchell, m/2 John Bundy 1676 ... Menden (had John, Samuel, Mary)"" - the compendium cross-check on the Mendon household RI-000128. [Row re-authored 2026-07-09 from the topic file and the graph after the prior working-tree row was lost to a malformed CSV field; gating columns verified against item_sources, notes prose is new.]"
g13-identity-candidate-b,anderson-gmd-2015,yes,qualifies,yes,,,,G13-RI-000170,"p.158 origin 'Unknown' - qualifies the summary weighing RI-000170: no surviving record states John's English origin, which is why the identification is cumulative rather than documented."
g13-identity-candidate-b,bho-hmc-kings-lynn-misc-writings,yes,supports,yes,sources/corpus_supplement/bho-hmc-kings-lynn-francis-gurney-1622.md,G13-RI-000149,,,"HMC calendar of the 17 Oct 1622 King's Lynn worsted agreement naming Francis Gurney, citizen and merchant-taylor - source_evidence RI-000149 for the venture behind the family's financial decline."
g13-identity-candidate-b,blomefield-norfolk,yes,supports,yes,,G13-RI-000168,,,"vol. vii pp.42-47 quoting Edward Gournay's inquisition as 'taken at East-Dereham, October 13th in the 17th of Charles I' - supports RI-000168 (senior branch in the East Dereham orbit). Blomefield's 'Edmund' name-slip is recorded, not merged."
g13-identity-candidate-b,british-archivist-bernau-1913,yes,supports,yes,,G13-RI-000146;G13-RI-000161,,,"Bernau 1913 'His Parentage' (RI-000146, Francis's identity) and 'His Parents' Children' (RI-000161, the fragmentary Anne Browning child list that removes the argument from silence)."
g13-identity-candidate-b,dg-rec-pt2,yes,context_for,yes,sources/corpus/daniel-gurney-part-2.md,G13-RI-000153,,,"Norfolk-line pedigree context for Anne Heydon's marriage to William Gurney V, the genuine Gurney-Heydon tie - context_for RI-000153, which corrects the reported Myrable Ryvett / Sir John Heydon marriage."
g13-identity-candidate-b,dg-rec-pt3,yes,supports,yes,sources/corpus/daniel-gurney-part-3.md,G13-RI-000146;G13-RI-000148;G13-RI-000149;G13-RI-000150;G13-RI-000160;G13-RI-000161,,,"Daniel Gurney's Record Part III is the backbone secondary source for Francis: pedigree pp.523-526 (RI-000146), Norwich/Lestrange pp.524 and 529-532 (RI-000148), King's Lynn pp.504 and 526 (RI-000149), the 1634 indenture Appendix C no.2 (RI-000150), the 1633 visitation transcript p.524 (RI-000160), and the John-of-Maldon/George additions p.525 (RI-000161)."
g13-identity-candidate-b,dg-rec-supp,yes,supports,yes,sources/corpus/daniel-gurney-supplement.md,G13-RI-000147;G13-RI-000153;G13-RI-000161,,,Supplement Note 181 for the Merchant Taylors' binding and the 16 June 1606 freedom variant (RI-000147) and for Dorothy 'mentioned in' the register / Roger 'probably died young' (RI-000161); Note 132 for William Gurney V and Anne Heydon (RI-000153).
g13-identity-candidate-b,fischer-albions-seed-1989,yes,context_for,yes,,,,G13-RI-000170,"ch.6 corridor prior (~60% of MA Bay emigrants from nine eastern counties; under 10% from London proper) - context_for the corridor thread of RI-000170. This is the Candidate-B facet of the legacy 'Great Migration corridor' block (l.330), which otherwise stays backlog."
g13-identity-candidate-b,freebmd-freereg,yes,supports,yes,,G13-RI-000153;G13-RI-000154,,,FreeREG St Martin at Palace Rivett entries 1539-1603 and Francis's 1646/7 St Botolph Bishopsgate burial (RI-000153); the Gressenhall/Garveston Rivett cluster near East Dereham (RI-000154). Index level; the register images are read on the Rivett-family working file.
g13-identity-candidate-b,fs-england-births-christenings,yes,supports,yes,,G13-RI-000154;G13-RI-000162,,,"Margaret Rivet's 21 May 1586 Garveston christening supports RI-000154. The same collection carries the negative_within_scope link on RI-000162: the seven St Benet Fink children of Francis and Anne, 1619-1637, include no John."
g13-identity-candidate-b,fs-vnn2-4vc-marye-gurney-baptism-east-dereham,yes,supports,yes,sources/media/Parish_Register_East_Dereham/page_00732_line_margaret_ffrancis_gurnoe_sweep.png,G13-RI-000155,,,"FS index VNN2-4VC, Marye daughter of ffrancis Gurnoe bapt. 25 May 1618, register page 00732 - Entry D of the East Dereham child cluster RI-000155."
g13-identity-candidate-b,heralds-visit-london-1633,yes,supports,yes,,G13-RI-000160,G13-RI-000145,,"Francis's own 1633 attestation naming Roger 'eldest sonne'. It supports the evidence item RI-000160 and, through it, contradicts the parentage hypothesis RI-000145 - the sharpest documentary objection, rebutted (not dismissed) by RI-000161."
g13-identity-candidate-b,laslett-world-we-have-lost-1965,yes,context_for,yes,,,,G13-RI-000159,ch.5 courtship and family-formation norms - context_for the analysis RI-000159 that a c.1609/10 baptism preceding the 1611 marriage is unremarkable.
g13-identity-candidate-b,lma-st-giles-cripplegate-register-p69-gis-a-002,yes,supports,yes,,G13-RI-000164,,,"P69/GIS/A/002/MS06419/003 p.77, burial of 'John sonne of ffrancis Garney Joyner' Dec 1640 - source_evidence RI-000164 for the third London Francis, and for the fact that the Cripplegate infant John is not the emigrant."
g13-identity-candidate-b,millican-register-freemen-norwich-1934,yes,supports,yes,,G13-RI-000163,,,"f.181a, James Gurney son of Francis of St Peter Parmentergate admitted freeman 8 Jan 1648 - one half of the simultaneous-record anchor separating the two Francis Gurneys (RI-000163). Also cited in g13-origin-trade-training for the John Gurney negative."
g13-identity-candidate-b,muskett-suffolk-manorial-families-v2-1900,yes,supports,yes,,G13-RI-000166;G13-RI-000167;G13-RI-000168,,,Registered this increment. p.176 Bozoune pedigree names Elizabeth (Gournay) Crowe of East Bilney (RI-000166); the Hovell charts and Mary Goodwin's 1647 will give Frances Hovell and 'Cozen Gurney' (RI-000167); both support the senior-branch geography finding RI-000168. Validation worksheet: sources/validations/muskett-suffolk-manorial-families-v2-1900.md.
g13-identity-candidate-b,nro-pd-12-1,yes,supports,yes,,G13-RI-000151;G13-RI-000152;G13-RI-000153,,,"The 23 Sept 1611 St Martin at Palace marriage of Franc Gurny and Margaret Rybett: the register entry (RI-000151), the first-marriage finding it establishes (RI-000152), and the bride's-parish context (RI-000153). Cited cross_unit in g13-origin-age-baptism for its chronological bearing only."
g13-identity-candidate-b,nro-pd-86-41,yes,supports,yes,,G13-RI-000155;G13-RI-000156;G13-RI-000157,,G13-RI-000159,"The East Dereham register. Child cluster RI-000155, Entry E as re-read RI-000156, the baptism finding RI-000157; context_for the open_question RI-000158 (professional examination) and qualifies the analysis RI-000159 (the +/-2-year margin). This unit is Entry E's canonical home; g13-origin-age-baptism cites it cross_unit for the birth-date bearing only. Registry mediaPath repaired and validationPath added this increment."
g13-identity-candidate-b,pease-pennyghael,yes,supports,yes,,G13-RI-000152,,,"The transmitted 'Margaret Ryvett' first-wife claim, from Philis Wainford through Sir Joseph Gurney Pease - compiled-genealogy level, now confirmed against NRO PD 12/1; supports RI-000152."
g13-identity-candidate-b,pettigrew-collectanea-house-gournay-1871,yes,supports,yes,,G13-RI-000146,,,"Collectanea Archaeologica vol.2 pp.207-210, the House of Gournay pedigree - a third independent witness to Francis's parentage (RI-000146). Also cited in g13-origin-traditions for the arms blazon."
g13-identity-candidate-b,rising-millican-norwich-apprentices-index-nrs29-1959,yes,supports,yes,,G13-RI-000163,,,"Indenture E.17, James Gurney bound at Michaelmas 1627 for seven years - the other half of the 1627 simultaneous-record anchor in RI-000163. Also cited in g13-origin-trade-training for the John Gurney negative."
g13-identity-candidate-b,rye-norfolk-antiquarian,yes,supports,yes,sources/corpus/norfolk-antiquarian-gurneys-of-norwich.md,G13-RI-000163,,,"Walter Rye's original separation of the West Barsham Merchant Taylor from the Norwich laceweaver, and the Norwich Gurney name-variant field - supports RI-000163."
g13-identity-candidate-b,suffolk-visitations-metcalfe-1882,yes,supports,yes,sources/corpus_supplement/ryvett-suffolk-visitation-pedigrees-metcalfe.md,G13-RI-000153,,,"Ryvett/Rivett pedigrees and p.63 giving Myrable Ryvett's husband as William Burd, Customer of London - supports RI-000153, including the correction of the reported Ryvett-Heydon marriage."
g13-identity-candidate-b,thoms-anecdotes-traditions-1839,yes,supports,yes,,G13-RI-000148,,,"Prefatory notice pp.xviii-xx, independently noting Francis Gurney the merchant in Alice Lady Lestrange's Hunstanton account book - a second witness for the Lestrange agency RI-000148."
g13-identity-candidate-b,tna-pcc-gurney-elimination-corpus,yes,supports,yes,,G13-RI-000170,,,"Thirteen PCC probate items 1577-1682, seven fixing distinct John Gurneys living in England after 1637 - the probate limb of the same-name clearance that leaves Candidate B the sole survivor; supports the weighing RI-000170."
g13-identity-candidate-b,tna-pcc-probate,yes,supports,yes,,G13-RI-000169,,,"PROB 11/289/177, 'Will of Bozann Crome, Gentleman of East Bilney' (Bozoune Crowe), proved 11 March 1659, plus PROB 11/120/482 for the grandfather Christopher Crowe. Catalogue level; the image pull is gated. Supports the open_question RI-000169."
g13-identity-candidate-b,ukda-9263-mt-apprentices-scott-2024,yes,supports,yes,,G13-RI-000147,,,"SN 9263 COMB row 1829 / Freedoms row 25149 - Francis bound 14 May 1599, assigned 3 Feb 1605, freed 30 June 1606; supports RI-000147. Also cited in g13-origin-trade-training for the no-John-son-of-Francis negative."
g13-identity-candidate-b,american-biography-cyclopedia-v26-gurney-1926,yes,cross_unit,yes,,,,,"Prose cross-link only: the 1926 American report that the Gurney arms connect the American branch with the Norfolk Gurneys, cited in the closing weighing as family memory rather than evidence. Home unit g13-origin-traditions (source_evidence G13-RI-000101; negative_result G13-RI-000102). Closes the Candidate-B facet of legacy block l.262."
g13-identity-candidate-b,mhs-winthrop-papers-gurdon-to-winthrop-1627,yes,cross_unit,yes,,,,,"Prose cross-link only: the 20 Oct 1627 Gurdon-to-Winthrop letter, cited in one sentence to show the senior branch's affairs running through the Court of Wards. Home unit g13-origin-wardship-network (G13-RI-000080; network finding G13-RI-000083). The dump finding F9's Candidate-B bearing (did John emigrate through this patronage network) is an assessment question and stays backlog."
g13-identity-candidate-b,tna-ward-c142-west-barsham-gurney-inquisitions,yes,cross_unit,yes,,,,,"Prose cross-link only: C 142/613/60, Edward Gournay's inquisition, named because it is the document Blomefield quotes as taken at East Dereham. Home unit g13-origin-wardship-network (G13-RI-000080). blomefield-norfolk carries the East Dereham datum on a direct item link here."
g13-identity-assessment,findmypast-hertfordshire-baptisms,yes,supports,yes,,G13-RI-000171;G13-RI-000172,,,"Hertfordshire Baptisms index, Berkhamsted: eight baptisms to father John Gurney 1610-1636 (Henry 1610, Sara 1615, Jhon 1624, Richard 1626, Elizabeth 1629, Michael 1631, Sarah 1634, Francis 1636) - the record basis for the Candidate C elimination, source_evidence RI-000171 supporting finding RI-000172."
g13-identity-assessment,findmypast-hertfordshire-burials,yes,supports,yes,,G13-RI-000171;G13-RI-000172,,,Hertfordshire Burials index: no John Gurney burial at Berkhamsted 1640-1700; the only seventeenth-century entries are Jhon Gourney 1612 and 1620. A loose end rather than an elimination ground; carried on RI-000171.
g13-identity-assessment,fs-england-births-christenings,yes,supports,no,,G13-RI-000171;G13-RI-000194,,,"Two in-unit roles: discovery_only on the Candidate C source_evidence RI-000171 (9 May 2026 same-name sweep, no Berkhamsted entry of its own), and negative_within_scope on the children-search matrix RI-000194 (the family-signature baptism cross-check returns no matching cluster)."
g13-identity-assessment,bho-london-hearth-tax-merry-2010,yes,supports,yes,sources/corpus_supplement/london-hearth-tax-1662-1666-gurney-cluster.md,G13-RI-000173;G13-RI-000174,,,"London Hearth Tax project database (Merry 2010): eleven strict Gurney/Gurny household entries 1662-1666 across the City, Westminster, and inner Middlesex - source_evidence RI-000173, the density evidence behind the unknown-corridor residual analysis RI-000174. The 1662 St Augustine Watling Street entry from the same database is Candidate D-s and is carried in g13-identity-london-candidate on RI-000122."
g13-identity-assessment,anderson-gmd-2015,yes,context_for,yes,sources/corpus/The Great Migration Directory 2025 Page 158.txt,G13-RI-000176;G13-RI-000177,,,"p. 158: settlement ""Boston, Braintree""; origin ""Unknown."" The entry is the object of the Anderson-Boston conflation analysis RI-000176, and the published benchmark the elimination-plus-fit identification has to beat in RI-000177."
g13-identity-assessment,mhs-winthrop-papers-gurdon-to-winthrop-1627,yes,context_for,yes,,G13-RI-000175,,,"Brampton Gurdon to John Winthrop, 20 October 1627 - the document the patronage open_question RI-000175 turns on. Its own reading and the network finding it supports are in g13-origin-wardship-network (RI-000080, RI-000083); linked context_for here, not re-read."
g13-identity-assessment,findmypast-john-gurney-2026may-supplementary-same-name-sweep,yes,supports,yes,,G13-RI-000174,,,Now item-linked (2026-07-10 case-file-as-source repair): the residual-density analysis RI-000174 cites this witness directly instead of resting on the case file. Evidence home also g13-identity-other-eliminations RI-000119.
g13-identity-assessment,tna-pcc-gurney-elimination-corpus,yes,supports,yes,,G13-RI-000174,,,Now item-linked (2026-07-10 case-file-as-source repair): the residual-density analysis RI-000174 cites this witness directly instead of resting on the case file. Evidence home also g13-identity-other-eliminations RI-000119.
g13-identity-assessment,blomefield-norfolk,yes,cross_unit,yes,,,,,"Cited in prose for the Gurney advowson of the West Barsham vicarage, which is what would make a wardship-era presentation traceable to the family. Evidence home g13-origin-wardship-network; no in-unit item link."
g13-identity-assessment,nro-pd-86-41,yes,cross_unit,yes,,,,,Cited in prose as the East Dereham register whose Entry E reading a professional examination would settle. Evidence home g13-identity-candidate-b RI-000156/RI-000158; no in-unit item link.
g13-identity-assessment,ftdna-gurney-ydna,yes,cross_unit,yes,,,,,Cited in prose as the third lever that would move the estimate. Evidence home g13-research-open-questions RI-000056; no in-unit item link.
g13-colonial-record-coverage,ballou-history-of-milford-1882,yes,cross_unit,yes,,,,,Added 2026-07-10 in the case-file-as-source repair: this witness is now named in the topic footnote that previously cited the identity case file. Cited in prose for a cross-unit statement; evidence home g13-colonial-frontier-rights. No in-unit item link (parity-exempt).
g13-colonial-record-coverage,billerica-town-records-ms,yes,cross_unit,yes,,,,,Added 2026-07-10 in the case-file-as-source repair: this witness is now named in the topic footnote that previously cited the identity case file. Cited in prose for a cross-unit statement; evidence home g13-colonial-frontier-rights. No in-unit item link (parity-exempt).
g13-colonial-record-coverage,hazen-billerica-1883,yes,cross_unit,yes,,,,,Added 2026-07-10 in the case-file-as-source repair: this witness is now named in the topic footnote that previously cited the identity case file. Cited in prose for a cross-unit statement; evidence home g13-colonial-frontier-rights. No in-unit item link (parity-exempt).
g13-colonial-record-coverage,nash-historical-sketch-weymouth-1885,yes,cross_unit,yes,,,,,"Added 2026-07-10 in the case-file-as-source repair: this witness is now named in the topic footnote that previously cited the identity case file. Cited in prose for a cross-unit statement; evidence home g13-colonial-arrival-chronology, g13-colonial-frontier-rights, g13-colonial-weymouth-community. No in-unit item link (parity-exempt)."
g13-identity-candidate-overview,bho-london-hearth-tax-merry-2010,yes,cross_unit,yes,,,,,"Added 2026-07-10 in the case-file-as-source repair: this witness is now named in the topic footnote that previously cited the identity case file. Cited in prose for a cross-unit statement; evidence home g13-identity-assessment, g13-identity-london-candidate. No in-unit item link (parity-exempt)."
g13-identity-candidate-overview,bho-london-inhabitants-st-augustine-1638,yes,cross_unit,yes,,,,,Added 2026-07-10 in the case-file-as-source repair: this witness is now named in the topic footnote that previously cited the identity case file. Cited in prose for a cross-unit statement; evidence home g13-identity-london-candidate. No in-unit item link (parity-exempt).
g13-identity-candidate-overview,findmypast-ackworth-gurnoe-baptism-1637-john-thomas,yes,cross_unit,yes,,,,,Added 2026-07-10 in the case-file-as-source repair: this witness is now named in the topic footnote that previously cited the identity case file. Cited in prose for a cross-unit statement; evidence home g13-identity-candidate-ackworth. No in-unit item link (parity-exempt).
g13-identity-candidate-overview,findmypast-ackworth-gurnoe-burton-marriage-1636,yes,cross_unit,yes,,,,,Added 2026-07-10 in the case-file-as-source repair: this witness is now named in the topic footnote that previously cited the identity case file. Cited in prose for a cross-unit statement; evidence home g13-identity-candidate-ackworth. No in-unit item link (parity-exempt).
g13-identity-candidate-overview,findmypast-bucks-baptism-index,yes,cross_unit,yes,,,,,Added 2026-07-10 in the case-file-as-source repair: this witness is now named in the topic footnote that previously cited the identity case file. Cited in prose for a cross-unit statement; evidence home g13-identity-candidate-a. No in-unit item link (parity-exempt).
g13-identity-candidate-overview,findmypast-bucks-burial-index,yes,cross_unit,yes,,,,,Added 2026-07-10 in the case-file-as-source repair: this witness is now named in the topic footnote that previously cited the identity case file. Cited in prose for a cross-unit statement; evidence home g13-identity-candidate-a. No in-unit item link (parity-exempt).
g13-identity-candidate-overview,findmypast-bucks-marriage-index,yes,cross_unit,yes,,,,,Added 2026-07-10 in the case-file-as-source repair: this witness is now named in the topic footnote that previously cited the identity case file. Cited in prose for a cross-unit statement; evidence home g13-identity-candidate-a. No in-unit item link (parity-exempt).
g13-identity-candidate-overview,findmypast-hertfordshire-baptisms,yes,cross_unit,yes,,,,,Added 2026-07-10 in the case-file-as-source repair: this witness is now named in the topic footnote that previously cited the identity case file. Cited in prose for a cross-unit statement; evidence home g13-identity-assessment. No in-unit item link (parity-exempt).
g13-identity-candidate-overview,findmypast-hertfordshire-burials,yes,cross_unit,yes,,,,,Added 2026-07-10 in the case-file-as-source repair: this witness is now named in the topic footnote that previously cited the identity case file. Cited in prose for a cross-unit statement; evidence home g13-identity-assessment. No in-unit item link (parity-exempt).
g13-identity-candidate-overview,findmypast-john-gurney-2026may-supplementary-same-name-sweep,yes,supports,yes,,G13-RI-000106,,,Added 2026-07-10 in the case-file-as-source repair: this witness is now named in the topic footnote that previously cited the identity case file. Directly linked in-unit to G13-RI-000106.
g13-identity-candidate-overview,findmypast-uk-parish-baptisms,yes,cross_unit,yes,,,,,Added 2026-07-10 in the case-file-as-source repair: this witness is now named in the topic footnote that previously cited the identity case file. Cited in prose for a cross-unit statement; evidence home g13-identity-other-eliminations. No in-unit item link (parity-exempt).
g13-identity-candidate-overview,fs-england-births-christenings,yes,cross_unit,yes,,,,,"Added 2026-07-10 in the case-file-as-source repair: this witness is now named in the topic footnote that previously cited the identity case file. Cited in prose for a cross-unit statement; evidence home g13-identity-assessment, g13-identity-candidate-a, g13-identity-candidate-b, g13-identity-london-candidate, g13-identity-other-eliminations. No in-unit item link (parity-exempt)."
g13-identity-candidate-overview,fs-england-marriages-1538-1973,yes,context_only,yes,,,,,"Added 2026-07-10 in the case-file-as-source repair: this witness is now named in the topic footnote that previously cited the identity case file. Cited in prose as context for the single-attestation households, which this graph carries collectively rather than as per-household items; no graph item anywhere links it (parity-exempt)."
g13-identity-candidate-overview,fs-england-norfolk-parish-registers-1510-1997,yes,context_only,yes,,,,,"Added 2026-07-10 in the case-file-as-source repair: this witness is now named in the topic footnote that previously cited the identity case file. Cited in prose as context for the single-attestation households, which this graph carries collectively rather than as per-household items; no graph item anywhere links it (parity-exempt)."
g13-identity-candidate-overview,tna-e115-180-113-certificate-of-residence-1641,yes,cross_unit,yes,,,,,Added 2026-07-10 in the case-file-as-source repair: this witness is now named in the topic footnote that previously cited the identity case file. Cited in prose for a cross-unit statement; evidence home g13-identity-candidate-a. No in-unit item link (parity-exempt).
g13-identity-candidate-overview,tna-pcc-gurney-elimination-corpus,yes,supports,yes,,G13-RI-000106,,,Added 2026-07-10 in the case-file-as-source repair: this witness is now named in the topic footnote that previously cited the identity case file. Directly linked in-unit to G13-RI-000106.
g13-identity-candidate-a,tna-e115-180-113-certificate-of-residence-1641,yes,supports,yes,,G13-RI-000110,,,Added 2026-07-10 in the case-file-as-source repair: this witness is now named in the topic footnote that previously cited the identity case file. Directly linked in-unit to G13-RI-000110.
g13-identity-candidate-b,bates-ancient-iron-works-braintree-1898,yes,cross_unit,yes,,,,,Added 2026-07-10 in the case-file-as-source repair: this witness is now named in the topic footnote that previously cited the identity case file. Cited in prose for a cross-unit statement; evidence home g13-colonial-braintree-community. No in-unit item link (parity-exempt).
g13-identity-candidate-b,familysearch-fulltext-search,yes,cross_unit,yes,,,,,"Added 2026-07-10 in the case-file-as-source repair: this witness is now named in the topic footnote that previously cited the identity case file. Cited in prose for a cross-unit statement; evidence home g13-colonial-arrival-chronology, g13-colonial-braintree-community, g13-colonial-frontier-rights, g13-colonial-weymouth-community, g13-family-colonial-collaterals, g13-family-family-group, g13-family-mendon-descendants, g13-family-wives-marriages, g13-identity-other-eliminations, g13-origin-migration-network, g13-origin-wardship-network. No in-unit item link (parity-exempt)."
g13-identity-candidate-ackworth,findmypast-john-gurney-2026may-supplementary-same-name-sweep,yes,cross_unit,yes,,,,,"Added 2026-07-10 in the case-file-as-source repair: this witness is now named in the topic footnote that previously cited the identity case file. Cited in prose for a cross-unit statement; evidence home g13-identity-assessment, g13-identity-candidate-overview, g13-identity-other-eliminations. No in-unit item link (parity-exempt)."
g13-identity-candidate-ackworth,findmypast-uk-parish-baptisms,yes,cross_unit,yes,,,,,Added 2026-07-10 in the case-file-as-source repair: this witness is now named in the topic footnote that previously cited the identity case file. Cited in prose for a cross-unit statement; evidence home g13-identity-other-eliminations. No in-unit item link (parity-exempt).
g13-identity-candidate-ackworth,fs-england-births-christenings,yes,cross_unit,yes,,,,,"Added 2026-07-10 in the case-file-as-source repair: this witness is now named in the topic footnote that previously cited the identity case file. Cited in prose for a cross-unit statement; evidence home g13-identity-assessment, g13-identity-candidate-a, g13-identity-candidate-b, g13-identity-london-candidate, g13-identity-other-eliminations. No in-unit item link (parity-exempt)."
g13-identity-other-eliminations,findmypast-john-gurney-2026may-supplementary-same-name-sweep,yes,supports,yes,,G13-RI-000120,,,Added 2026-07-10 in the case-file-as-source repair: this witness is now named in the topic footnote that previously cited the identity case file. Directly linked in-unit to G13-RI-000120.
g13-identity-assessment,bodge-soldiers-king-philips-war-1891,yes,cross_unit,yes,,,,,Added 2026-07-10 in the case-file-as-source repair: this witness is now named in the topic footnote that previously cited the identity case file. Cited in prose for a cross-unit statement; evidence home g13-family-mendon-descendants. No in-unit item link (parity-exempt).
g13-identity-assessment,findmypast-england-marriages-gurney-mary-wildcard-sweep-2026-06,yes,cross_unit,yes,,,,,Added 2026-07-10 in the case-file-as-source repair: this witness is now named in the topic footnote that previously cited the identity case file. Cited in prose for a cross-unit statement; evidence home g13-family-wives-marriages. No in-unit item link (parity-exempt).
g13-identity-assessment,history-of-weymouth,yes,cross_unit,yes,,,,,"Added 2026-07-10 in the case-file-as-source repair: this witness is now named in the topic footnote that previously cited the identity case file. Cited in prose for a cross-unit statement; evidence home g13-colonial-arrival-chronology, g13-colonial-braintree-community, g13-colonial-weymouth-community, g13-family-family-group, g13-origin-migration-network. No in-unit item link (parity-exempt)."
g13-identity-assessment,millican-register-freemen-norwich-1934,yes,cross_unit,yes,,,,,"Added 2026-07-10 in the case-file-as-source repair: this witness is now named in the topic footnote that previously cited the identity case file. Cited in prose for a cross-unit statement; evidence home g13-identity-candidate-b, g13-origin-trade-training. No in-unit item link (parity-exempt)."
g13-identity-assessment,rising-millican-norwich-apprentices-index-nrs29-1959,yes,cross_unit,yes,,,,,"Added 2026-07-10 in the case-file-as-source repair: this witness is now named in the topic footnote that previously cited the identity case file. Cited in prose for a cross-unit statement; evidence home g13-identity-candidate-b, g13-origin-trade-training. No in-unit item link (parity-exempt)."
g13-identity-assessment,sprague-braintree,yes,cross_unit,yes,,,,,"Added 2026-07-10 in the case-file-as-source repair: this witness is now named in the topic footnote that previously cited the identity case file. Cited in prose for a cross-unit statement; evidence home g13-colonial-braintree-community, g13-family-family-group, g13-family-mendon-descendants, g13-family-wives-marriages. No in-unit item link (parity-exempt)."
g13-identity-assessment,ukda-9263-mt-apprentices-scott-2024,yes,cross_unit,yes,,,,,"Added 2026-07-10 in the case-file-as-source repair: this witness is now named in the topic footnote that previously cited the identity case file. Cited in prose for a cross-unit statement; evidence home g13-identity-candidate-b, g13-origin-trade-training. No in-unit item link (parity-exempt)."
g13-origin-bury-connections,nehgr-62-94,yes,cross_unit,yes,,,,,"Added 2026-07-10 in the case-file-as-source repair: this witness is now named in the topic footnote that previously cited the identity case file. Cited in prose for a cross-unit statement; evidence home g13-colonial-braintree-community, g13-origin-age-baptism. No in-unit item link (parity-exempt)."
g13-origin-traditions,nehgr-62-94,yes,cross_unit,yes,,,,,"Added 2026-07-10 in the case-file-as-source repair: this witness is now named in the topic footnote that previously cited the identity case file. Cited in prose for a cross-unit statement; evidence home g13-colonial-braintree-community, g13-origin-age-baptism. No in-unit item link (parity-exempt)."
g13-research-open-questions,braintree-records-1640-1793-1886,yes,cross_unit,yes,,,,,"Added 2026-07-10 in the case-file-as-source repair: this witness is now named in the topic footnote that previously cited the identity case file. Cited in prose for a cross-unit statement; evidence home g13-colonial-frontier-rights, g13-colonial-record-coverage, g13-family-wives-marriages. No in-unit item link (parity-exempt)."
g13-research-open-questions,findmypast-england-marriages-gurney-mary-wildcard-sweep-2026-06,yes,cross_unit,yes,,,,,Added 2026-07-10 in the case-file-as-source repair: this witness is now named in the topic footnote that previously cited the identity case file. Cited in prose for a cross-unit statement; evidence home g13-family-wives-marriages. No in-unit item link (parity-exempt).
g13-research-open-questions,shedd-daniel-shed-genealogy-1920,yes,cross_unit,yes,,,,,"Added 2026-07-10 in the case-file-as-source repair: this witness is now named in the topic footnote that previously cited the identity case file. Cited in prose for a cross-unit statement; evidence home g13-colonial-frontier-rights, g13-family-wives-marriages. No in-unit item link (parity-exempt)."
g13-identity-candidate-a,findmypast-john-gurney-2026may-supplementary-same-name-sweep,yes,cross_unit,yes,,,,,"Added 2026-07-10 in the case-file-as-source repair: named in the Candidate A footnote that now cites the record sweeps behind the wider Buckinghamshire/Chiltern cluster instead of the case file. No in-unit item link (parity-exempt); evidence home g13-identity-assessment, g13-identity-candidate-overview, g13-identity-other-eliminations."
g13-identity-candidate-a,fs-england-buckinghamshire-church-records-1217-1994,yes,context_only,yes,,,,,Added 2026-07-10 in the case-file-as-source repair: named in the Candidate A footnote that now cites the record sweeps behind the wider Buckinghamshire/Chiltern cluster instead of the case file. Cited as context for the collectively-cleared household tail; no graph item links it (parity-exempt).
g13-colonial-record-coverage,csm-39-boston-first-church,yes,negative_within_scope,yes,,G13-RI-000180,,,"First Church Boston (CSM 39) zero-Gurney 1630-1778 sweep = the headline record-level negative; grounds negative_result RI-000180, which SUPPORTS the Boston-silence synthesis RI-000179. Added 2026-07-10 (G3 record-coverage increment)."
g13-colonial-record-coverage,boston-town-records-1634-1660,yes,negative_within_scope,yes,,G13-RI-000181,,,"Book of Possessions + Boston town records negative (no John-era Gurney); one of the Boston civil record-class witnesses on negative_result RI-000181. Added 2026-07-10 (G3 record-coverage increment)."
g13-colonial-record-coverage,aspinwall-notarial-records,yes,negative_within_scope,yes,,G13-RI-000181,,,"Aspinwall Notarial Records 1644-1651 (BRC 32nd Report): Boston civil/commercial record class swept negative; witness on negative_result RI-000181. NEW source registered 2026-07-13 (sources.json v1.29.0 + validation worksheet), closing dump F6's 'research-done-but-source-not-registered' residual - was previously cited at IA-identifier level only in [^bostonclasses]."
g13-colonial-record-coverage,lechford-note-book,yes,negative_within_scope,yes,,G13-RI-000181,,,"Lechford's Note-Book Jun1638-Jul1641: fullest Boston legal record across John's arrival window, swept negative; witness on negative_result RI-000181. NEW source registered 2026-07-13 (sources.json v1.29.0 + validation worksheet), closing dump F6's registration residual - was previously cited at IA-identifier level only in [^bostonclasses]."
g13-colonial-record-coverage,suffolk-deeds-liber-i-1880,yes,negative_within_scope,yes,,G13-RI-000181,,,"Suffolk Deeds Liber I (with II-III) negative: no John Gurney deed 1640-1660; witness on Boston civil-class negative RI-000181. Added 2026-07-10 (G3 record-coverage increment)."
g13-colonial-record-coverage,boston-record-commissioners-ninth-report-1883,yes,negative_within_scope,yes,,G13-RI-000181,,,"Boston vital records 1630-1699: no John-era Gurney; the sole hit is the 1693 Samuel x Shapley descendant marriage (p.210). Witness on RI-000181. NEW source (sources.json v1.17.0). Added 2026-07-10 (G3 record-coverage increment)."
g13-colonial-record-coverage,familysearch-fulltext-search,yes,negative_within_scope,yes,,G13-RI-000182,,,"FamilySearch full-text manuscript sweep (Mass Bay colony films + Mass Archives Felt volumes): no new John Gurney document; grounds negative_result RI-000182. Also cited in the [hingham] footnote whose Hingham bearing lives in migration-network RI-000078 (SYNTHESIZED by RI-000179). Added 2026-07-10 (G3 record-coverage increment)."
g13-colonial-record-coverage,early-records-town-of-providence,yes,negative_within_scope,yes,,G13-RI-000183,,,"Early Records of the Town of Providence: no Gurney; bounds John Quinapaug (Providence-jurisdiction) interest. Grounds negative_result RI-000183 (CONTEXTUALIZES frontier RI-000030). NEW source (sources.json v1.17.0). Added 2026-07-10 (G3 record-coverage increment)."
g13-colonial-record-coverage,massachusetts-bay-records-v2-1853,yes,negative_within_scope,yes,,G13-RI-000041,,,"MBCR vol.2 (2:79, the 1644 Jenner bill) - the second of John only two colony entries; witness on the freeman/church-admission negative RI-000041 alongside vol.1. Added 2026-07-10 (G3 record-coverage increment)."
g13-origin-wardship-network,mhs-winthrop-papers-adam-winthrop-diary-1605,yes,supports,yes,,G13-RI-000186,,,"NEW source (data/sources.json v1.18.0 + validation worksheet). Adam Winthrop's diary (Winthrop Papers I:153) recording the 3 Oct 1605 deaths of Sir Edward Lewkenor of Denham and Susan (Heigham), Martha (Lewkenor) Gurney's parents - source_evidence RI-000186 SUPPORTS the founders-network finding RI-000083 (indirect). Assimilates dump F-R3.7 (wardship-network revision, 2026-07-10)."
g13-origin-wardship-network,muskett-suffolk-manorial-families-v2-1900,yes,supports,yes,,G13-RI-000187,,,"Muskett vol.2 L'Estrange-of-Hunstanton pedigree (Sir Nicholas L'Estrange 1st Bt. m. Anne Lewkenor of Denham) - supports research_finding RI-000187 (the L'Estrange jest-book Gurney anecdotes are kin-sourced). Source registered in Phase 1 for the Candidate-B increment; now also journeys here. Assimilates dump F-R3.9 (part; wardship-network revision, 2026-07-10)."
g13-origin-wardship-network,thoms-anecdotes-traditions-1839,yes,supports,yes,,G13-RI-000187,,,"Thoms 1839 Anecdotes and Traditions (Camden Soc.): the L'Estrange jest-book Gurney items (pp. xviii-xx + text) - supports research_finding RI-000187 (kin-sourced tradition; explains 'Frances Hood'=Hovell, flags the '1614' error). Assimilates dump F-R3.9 (part; wardship-network revision, 2026-07-10)."
g13-origin-bury-connections,muskett-suffolk-manorial-families-v3-1900,yes,supports,yes,,G13-RI-000188,,,"NEW source registered in Phase 1 (data/sources.json + validation worksheet). Muskett vol.3 pt.1 Chaplin-of-Bury pedigree: the 1672 will of Thomas Chaplin of Bury St Edmunds leaving 40 pounds to 'Mary Gurney my servant' beside the Jeremy Houchin New England debt - source_evidence RI-000188 CONTEXTUALIZES the attribution finding RI-000097 (Bury<->New England corridor). Names no John Gurney. Assimilates dump F-R3.11 (2026-07-10)."
g13-origin-migration-network,hingham-register,yes,supports,yes,,G13-RI-000189,,,"Hingham, Norfolk parish register: Ann Gurney x John Gilman marriage 1 Oct 1626 and Ann's burial 23 Nov 1651. Grounds the Gilman-Gurney family record RI-000189; journeys in-unit. Added 2026-07-10 (migration-network Ann Gurney increment)."
g13-origin-migration-network,davis-abel-lunt-1963,yes,supports,yes,,G13-RI-000189,,,"Davis, Ancestry of Abel Lunt (1963), pp.155-160: Gilman worsted-weaver family, children baptised West Dereham and Hingham, John Gilman Jr. to Exeter NH. Compiled genealogy; grounds RI-000189, journeys in-unit. Added 2026-07-10."
g13-origin-migration-network,pease-pennyghael,yes,supports,yes,,G13-RI-000190,,,"Pease 'Gurney family genealogy' (Pennyghael, 2021): identifies Ann as Francis Gurney's daughter by his first marriage. Compiled genealogy, not a record; grounds the open_question RI-000190 (sisterhood held at low confidence). Journeys in-unit. Added 2026-07-10."
g13-origin-migration-network,freebmd-freereg,yes,qualifies,yes,,,,G13-RI-000190,West Dereham marriage of Ann Gurney x Peter Woodcocke 8 Feb 1618/19 (NRO PD 192/2; FreeREG index) - the confounding same-name record that qualifies (weakens) the sisterhood open_question RI-000190. Journeys in-unit. Added 2026-07-10.
g13-origin-migration-network,blomefield-norfolk,yes,context_for,yes,,G13-RI-000191,,,"Blomefield, Topographical History of Norfolk, vol.2 (1805) p.445: Hingham held the ancient manor of 'Hingham Gurneys'. Context_for the corridor-bearing analysis RI-000191 (marriage in Gurney manorial territory). Journeys in-unit. Added 2026-07-10."
g13-identity-candidate-b,findmypast-uk-parish-baptisms,yes,supports,yes,sources/validations/findmypast-uk-parish-baptisms.md,G13-RI-000192,,,"Peter Gurney baptism search (Britain-wide 1632-1642: twelve indexed baptisms, none fathered by a John Gurney) plus the Smallburgh 27 Feb 1641 Peter-son-of-Peter entry - supports the Peter naming-gap analysis RI-000192."
g13-identity-candidate-b,sprague-braintree,yes,supports,yes,,G13-RI-000193,,,"p.695 John Gurney child roster (Sarah, Mary, Richard, John, Peter - no Francis) - supports the absence-of-Francis naming analysis RI-000193. Also cited cross_unit in g13-identity-assessment; evidence home g13-family-family-group/wives-marriages/mendon."
g13-identity-candidate-b,history-of-weymouth,yes,supports,yes,,G13-RI-000193,,,vol.3 p.251 John Gurney family roster (no Francis) - second witness to the roster behind the absence-of-Francis analysis RI-000193.
g13-identity-assessment,findmypast-uk-parish-baptisms,yes,supports,yes,sources/validations/findmypast-uk-parish-baptisms.md,G13-RI-000194,,,Gurney-surname baptism searches (John-Gurney-father and by child forename set): no cluster matching the colonial family signature 1620-1640 - negative_within_scope on the children-search matrix RI-000194. Also item-linked in g13-identity-candidate-b (RI-000192).
g13-identity-assessment,ancestry-norfolk-1535-1812,yes,supports,yes,,G13-RI-000194,,,"Ancestry Norfolk parish registers 1535-1812 index, same family-signature search, no matching cluster - negative_within_scope on the children-search matrix RI-000194. First graph citation; index-only source."
g13-origin-migration-network,brackett-genealogy-1907,yes,qualifies,yes,sources/corpus_supplement/brackett-genealogy-1907-origin-extract.md,G13-RI-000195,,,"NEW source (data/sources.json v1.19.0 + validation worksheet). The 1907 Brackett Genealogy's own 'meager' Norfolk (Wreningham) scrap, superseded by the modern compiled Sudbury reading - qualifies the compiled-level Brackett-brothers/Gurdon-geography analysis RI-000195."
g13-origin-migration-network,wikitree-brackett-20-richard-brackett,yes,supports,yes,,G13-RI-000195,,,"NEW source (data/sources.json v1.19.0 + validation worksheet). Richard Brackett's compiled Sudbury, Suffolk baptism (1610) - supports the Brackett-brothers/Gurdon-geography analysis RI-000195."
g13-origin-migration-network,hop-gurdon-brampton-1566-1650,yes,context_for,yes,,G13-RI-000195,,,"NEW source (data/sources.json v1.19.0 + validation worksheet). Brampton Gurdon's own 1621 Sudbury MP seat, 1556 Assington purchase, and Winthrop friendship - context_for the Brackett-brothers/Gurdon-geography analysis RI-000195; orienting biography, not a genealogical claim about any Gurney or Brackett."
g13-origin-migration-network,alumni-cantabrigienses-venn,yes,mentions,yes,,G13-RI-000079,,,"F-R4.5 Jenner datum now homed 2026-07-13 by a mentions-level source link to the existing weak-lever analysis RI-000079 (the 'A weak lever for origin' section: Jenner's Fordham-Essex origin and Coltishall-Norfolk ending, a passing-near-not-through instance). alumni-cantabrigienses-venn is now item-linked in-unit (mentions) as well as prose-cited ([^jenner-venn]), so it journeys here and the dump F-R4.5 row is properly 'assimilated' rather than a bare prose mention; also cited for the Warford negative in g13-origin-wardship-network (RI-000085)."
g13-family-mendon-descendants,boston-record-commissioners-ninth-report-1883,yes,supports,yes,,G13-RI-000196;G13-RI-000197,,,"Already registered (g13-colonial-record-coverage RI-000181). Same 26 Oct 1693 Samuel Gurney x Sarah Shapley marriage entry (p.210), cited here as its own source_evidence RI-000196 supporting the household-identification open_question RI-000197."
g13-origin-traditions,savage-dictionary,yes,context_for,yes,,G13-RI-000100,,,"Savage, A Genealogical Dictionary of the First Settlers of New England (Newgate entry): the Newgate family and legatees listed with no Gurney among them - context_for the de-conflation analysis RI-000100 (the 1615 tradition is the 1636 Newgate apprentice's biography, misattached). Added 2026-07-12 assimilating the legacy 'Newgate apprenticeship / 1636 record - de-conflated' block; this witness previously journeyed nowhere."
g13-origin-traditions,mhs-winthrop-papers-newgate-deed-1639,yes,context_for,yes,,G13-RI-000100,,,"MHS Winthrop Papers, 18 Dec 1639 deed 'John Newgate of Boston in New England Feltmaker' - Newgate's Boston feltmaker identity anchoring the Southwark-to-Boston reading; context_for the de-conflation analysis RI-000100. Added 2026-07-12 assimilating the legacy Newgate block; this witness previously journeyed nowhere."
g13-research-source-coverage,hotten-original-lists-1874,yes,negative_within_scope,yes,,G13-RI-000198,,,"Hotten's Original Lists (behind them TNA E157/20) carry no John Gurney passenger; the 'Richard Gum[m]y' entry reads Gummy, to Virginia. New negative_result RI-000198 (London port-emigration/livery search). Added 2026-07-12 assimilating the legacy Great-Migration-corridor block (l.330); previously journeyed nowhere."
g13-research-source-coverage,rollco-other-companies-gurney-1573-1653,yes,negative_within_scope,yes,,G13-RI-000198,,,"ROLLCO all-partner-company livery sweep: no East-Anglian Gurney apprentice; sole provincial tailoring-Gurney the eliminated Bucks Candidate-A family. RI-000198. Added 2026-07-12 (legacy l.330); previously journeyed nowhere."
g13-research-source-coverage,commissary-court-london-testamentary-index-marc-fitch,yes,negative_within_scope,yes,,G13-RI-000199,,,"Commissary Court of London index (Marc Fitch vol. IV p.296): five Gurney/Gourny records 1626-1700, no Francis. New negative_result RI-000199 (English probate/parish search). Added 2026-07-12 assimilating the legacy lead-dispositions block (l.393); previously journeyed nowhere."
g13-research-source-coverage,norfolk-wills-probate-index-1371-1858,yes,negative_within_scope,yes,,G13-RI-000199,,,"Norfolk probate + marriage-bond index: 102 Gurney + 4 Gourn-, no Francis in the 1640s-50s. RI-000199. Added 2026-07-12 assimilating the legacy lead-dispositions (l.393) and Mary/Nevis (l.144) blocks; previously journeyed nowhere."
g13-research-source-coverage,pcc-rivett-rattlesden-wills,yes,negative_within_scope,yes,,G13-RI-000199,,,"The two PCC Rattlesden Rivett wills (1610, 1626) name no Margaret and no Gurney, weakening the Rattlesden-Rivett parentage. RI-000199. Rivett family canonical on research/people/rivett-family-of-garveston.md. Added 2026-07-12 (legacy l.393); previously journeyed nowhere."
g13-research-source-coverage,findmypast-norfolk-baptisms-index,yes,negative_within_scope,yes,,G13-RI-000199,,,"No John-son-of-Francis baptism; the Gillingham Mary Garny 1624 a distinct single-daughter family. RI-000199. Added 2026-07-12 assimilating the legacy lead-dispositions block (l.393); previously journeyed nowhere (was reserved external on the Earsham forward-genealogy, a separate use)."
g13-research-source-coverage,fs-england-norfolk-parish-registers-1510-1997,yes,negative_within_scope,yes,,G13-RI-000199,,,"Norfolk parish-register sweep for John's family and a reverse-trace of Mary's birth family: no matching household. RI-000199. Added 2026-07-12 assimilating the legacy Mary/Nevis block (l.144); previously journeyed nowhere."
g13-identity-other-eliminations,fs-england-marriages-1538-1973,yes,context_for,yes,,G13-RI-000117,,,"Robert Gvrney m. Mary Lame, 27 July 1622, Norwich (children Samuel 1623 St Stephen, Katherine 1639 St Benedict) - a Norfolk same-name household with a wife Mary, wrong groom forename and too late for the emigrant. context_for the Norfolk household-density evidence RI-000117. Added 2026-07-12 (legacy l.330 comparators / l.393); the wildcard-negative itself is wives-marriages RI-000064."
g13-origin-migration-network,thompson-mobility-migration-1994,yes,context_for,yes,,G13-RI-000091,,,"Thompson, Mobility and Migration (1994): >2,000 East Anglian departures 1630s - the corridor-scale prior; context_for the Hingham/Norfolk corridor analysis RI-000091. Added 2026-07-12 assimilating the legacy Great-Migration-corridor block (l.330); previously journeyed nowhere (fischer carries the same prior on candidate-b RI-000170)."
g13-identity-candidate-b,fs-east-dereham-manor-court-books,yes,supports,yes,sources/corpus_supplement/paleo-2026-07-packet-53-east-dereham-courts-1623-1635.md,G13-RI-000207;G13-RI-000208,,,"1627/1636 Ellingfield ""formerly of Margery Gurney widow"" abuttals (source_evidence RI-000207) and the packet-53 1623-1635 whole-book walk negative (negative_result RI-000208), both feeding the pre-Francis-household finding RI-000209. Masters in sources/media/east-dereham-court-books-fts/_local/."
g13-identity-candidate-b,norfolk-wills-probate-index-1371-1858,yes,supports,yes,,G13-RI-000206,,,"Record 257086, Margery Gurnye widow of East Dereham, will 1602-03 ANF (source_evidence RI-000206); the same collection's complete 1585-1650 Gurney census is linked context_for the why-Dereham analysis RI-000210."
g13-family-mendon-descendants,lloyd-family-boston,yes,context_for,yes,,G13-RI-000135,,,Grisell Lloyd identification context on the Elizabeth Gurney x Timothy Cooper open question RI-000135 (context_for link). Row added 2026-07-19 to close a citation-map gap left by the mendon revision.
g13-family-mendon-descendants,pcc-prob11-461-dyer-lewis-nevis,yes,mentions,yes,,G13-RI-000135,,,PROB 11/461 (Dyer q.99) John Lewis of Nevis will mention linked to open question RI-000135. Row added 2026-07-19 to close a citation-map gap left by the mendon revision.
g13-identity-candidate-b,ancestry-norfolk-1535-1812,yes,supports,yes,,G13-RI-000154,,,Garveston register image 4033226_00540 expert read (packet 50): the competing Margarett Rivet 1 Feb 1577/8 baptism and brother Richard 1575 - supports the Margaret-identification finding RI-000154. Prose footnote and map row aligned 2026-07-19 (the item link predated the prose citation).
g13-identity-assessment,ancestry-england-select-births-christenings-9841,yes,cross_unit,yes,,,,,Cited here as a cross-reference; the source's graph items live in `g13-identity-inventory-method`. No item link in this unit by design.
g13-identity-assessment,ancestry-england-select-marriages-9852,yes,context_only,yes,,,,,"Cited in this unit's prose as context or as a finding-aid/catalogue reference; no graph item in any unit carries it, and none is intended."
g13-identity-assessment,england-wales-published-probate-indexes,yes,cross_unit,yes,,,,,Cited here as a cross-reference; the source's graph items live in `g13-identity-candidate-c`. No item link in this unit by design.
g13-identity-assessment,familysearch-fulltext-search,yes,cross_unit,yes,,,,,"Cited here as a cross-reference; the source's graph items live in `g13-colonial-arrival-chronology`, `g13-colonial-braintree-community`, `g13-colonial-frontier-rights` and 10 further unit(s). No item link in this unit by design."
g13-identity-assessment,findmypast-bucks-baptism-index,yes,cross_unit,yes,,,,,"Cited here as a cross-reference; the source's graph items live in `g13-identity-candidate-a`, `g13-identity-inventory-method`, `g13-identity-shape-matrix`. No item link in this unit by design."
g13-identity-assessment,findmypast-bucks-burial-index,yes,cross_unit,yes,,,,,Cited here as a cross-reference; the source's graph items live in `g13-identity-candidate-a`. No item link in this unit by design.
g13-identity-assessment,findmypast-bucks-marriage-index,yes,cross_unit,yes,,,,,"Cited here as a cross-reference; the source's graph items live in `g13-identity-candidate-a`, `g13-identity-shape-matrix`. No item link in this unit by design."
g13-identity-assessment,findmypast-county-baptism-sets-2026-07-sweep,yes,cross_unit,yes,,,,,"Cited here as a cross-reference; the source's graph items live in `g13-identity-inventory-method`, `g13-identity-shape-matrix`. No item link in this unit by design."
g13-identity-assessment,findmypast-hertfordshire-banns-marriages,yes,cross_unit,yes,,,,,Cited here as a cross-reference; the source's graph items live in `g13-identity-candidate-c`. No item link in this unit by design.
g13-identity-assessment,freebmd-freereg,yes,cross_unit,yes,,,,,"Cited here as a cross-reference; the source's graph items live in `g13-identity-candidate-b`, `g13-identity-inventory-method`, `g13-identity-shape-matrix` and 1 further unit(s). No item link in this unit by design."
g13-identity-assessment,tna-e115-180-113-certificate-of-residence-1641,yes,cross_unit,yes,,,,,Cited here as a cross-reference; the source's graph items live in `g13-identity-candidate-a`. No item link in this unit by design.
g13-identity-assessment,tna-pcc-west-barsham-gournay-wills,yes,context_only,yes,,,,,"Cited in this unit's prose as context or as a finding-aid/catalogue reference; no graph item in any unit carries it, and none is intended."
g13-identity-assessment,torrey-new-england-marriages-prior-1700,yes,cross_unit,yes,,,,,"Cited here as a cross-reference; the source's graph items live in `g13-family-colonial-collaterals`, `g13-family-family-group`, `g13-family-mendon-descendants` and 3 further unit(s). No item link in this unit by design."
g13-identity-assessment,ukda-4816-pcc-wills-index,yes,context_only,yes,,,,,"Cited in this unit's prose as context or as a finding-aid/catalogue reference; no graph item in any unit carries it, and none is intended."
g13-identity-candidate-a,ancestry-england-select-marriages-9852,yes,context_only,yes,,,,,"Cited in this unit's prose as context or as a finding-aid/catalogue reference; no graph item in any unit carries it, and none is intended."
g13-identity-candidate-a,braintree-records-1640-1793-1886,yes,cross_unit,yes,,,,,"Cited here as a cross-reference; the source's graph items live in `g13-colonial-frontier-rights`, `g13-colonial-record-coverage`, `g13-family-wives-marriages` and 2 further unit(s). No item link in this unit by design."
g13-identity-candidate-a,bucks-archives-catalogue,yes,cross_unit,yes,,,,,Cited here as a cross-reference; the source's graph items live in `g13-identity-shape-matrix`. No item link in this unit by design.
g13-identity-candidate-a,england-wales-published-probate-indexes,yes,cross_unit,yes,,,,,Cited here as a cross-reference; the source's graph items live in `g13-identity-candidate-c`. No item link in this unit by design.
g13-identity-candidate-a,findmypast-hertfordshire-banns-marriages,yes,cross_unit,yes,,,,,Cited here as a cross-reference; the source's graph items live in `g13-identity-candidate-c`. No item link in this unit by design.
g13-identity-candidate-a,findmypast-hertfordshire-baptisms,yes,cross_unit,yes,,,,,"Cited here as a cross-reference; the source's graph items live in `g13-identity-candidate-c`, `g13-identity-inventory-method`. No item link in this unit by design."
g13-identity-candidate-a,findmypast-uk-parish-baptisms,yes,cross_unit,yes,,,,,"Cited here as a cross-reference; the source's graph items live in `g13-identity-assessment`, `g13-identity-candidate-b`, `g13-identity-candidate-c` and 3 further unit(s). No item link in this unit by design."
g13-identity-candidate-a,freebmd-freereg,yes,cross_unit,yes,,,,,"Cited here as a cross-reference; the source's graph items live in `g13-identity-candidate-b`, `g13-identity-inventory-method`, `g13-identity-shape-matrix` and 1 further unit(s). No item link in this unit by design."
g13-identity-candidate-a,massachusetts-bay-records-v1-1853,yes,cross_unit,yes,,,,,"Cited here as a cross-reference; the source's graph items live in `g13-colonial-arrival-chronology`, `g13-colonial-record-coverage`, `g13-colonial-weymouth-community`. No item link in this unit by design."
g13-identity-candidate-a,tna-discovery-catalogue,yes,context_only,yes,,,,,"Cited in this unit's prose as context or as a finding-aid/catalogue reference; no graph item in any unit carries it, and none is intended."
g13-identity-candidate-a,tna-pcc-gurney-elimination-corpus,yes,cross_unit,yes,,,,,"Cited here as a cross-reference; the source's graph items live in `g13-identity-assessment`, `g13-identity-candidate-b`, `g13-identity-candidate-overview` and 1 further unit(s). No item link in this unit by design."
g13-identity-candidate-a,worcs-archives-pakington-westwood-park,yes,context_only,yes,,,,,"Cited in this unit's prose as context or as a finding-aid/catalogue reference; no graph item in any unit carries it, and none is intended."
g13-identity-candidate-ackworth,ancestry-england-select-marriages-9852,yes,context_only,yes,,,,,"Cited in this unit's prose as context or as a finding-aid/catalogue reference; no graph item in any unit carries it, and none is intended."
g13-identity-candidate-ackworth,braintree-records-1640-1793-1886,yes,cross_unit,yes,,,,,"Cited here as a cross-reference; the source's graph items live in `g13-colonial-frontier-rights`, `g13-colonial-record-coverage`, `g13-family-wives-marriages` and 2 further unit(s). No item link in this unit by design."
g13-identity-candidate-ackworth,findmypast-bucks-marriage-index,yes,cross_unit,yes,,,,,"Cited here as a cross-reference; the source's graph items live in `g13-identity-candidate-a`, `g13-identity-shape-matrix`. No item link in this unit by design."
g13-identity-candidate-ackworth,findmypast-county-baptism-sets-2026-07-sweep,yes,cross_unit,yes,,,,,"Cited here as a cross-reference; the source's graph items live in `g13-identity-inventory-method`, `g13-identity-shape-matrix`. No item link in this unit by design."
g13-identity-candidate-ackworth,findmypast-hertfordshire-banns-marriages,yes,cross_unit,yes,,,,,Cited here as a cross-reference; the source's graph items live in `g13-identity-candidate-c`. No item link in this unit by design.
g13-identity-candidate-ackworth,freebmd-freereg,yes,cross_unit,yes,,,,,"Cited here as a cross-reference; the source's graph items live in `g13-identity-candidate-b`, `g13-identity-inventory-method`, `g13-identity-shape-matrix` and 1 further unit(s). No item link in this unit by design."
g13-identity-candidate-ackworth,history-of-weymouth,yes,cross_unit,yes,,,,,"Cited here as a cross-reference; the source's graph items live in `g13-colonial-arrival-chronology`, `g13-colonial-braintree-community`, `g13-colonial-weymouth-community` and 5 further unit(s). No item link in this unit by design."
g13-identity-candidate-b,ancestry-england-select-marriages-9852,yes,context_only,yes,,,,,"Cited in this unit's prose as context or as a finding-aid/catalogue reference; no graph item in any unit carries it, and none is intended."
g13-identity-candidate-b,bodge-soldiers-king-philips-war-1891,yes,cross_unit,yes,,,,,"Cited here as a cross-reference; the source's graph items live in `g13-family-mendon-descendants`, `g13-identity-shape-matrix`. No item link in this unit by design."
g13-identity-candidate-b,england-wales-published-probate-indexes,yes,cross_unit,yes,,,,,Cited here as a cross-reference; the source's graph items live in `g13-identity-candidate-c`. No item link in this unit by design.
g13-identity-candidate-b,findmypast-county-baptism-sets-2026-07-sweep,yes,cross_unit,yes,,,,,"Cited here as a cross-reference; the source's graph items live in `g13-identity-inventory-method`, `g13-identity-shape-matrix`. No item link in this unit by design."
g13-identity-candidate-b,findmypast-norfolk-banns-marriages-index,yes,cross_unit,yes,,,,,Cited here as a cross-reference; the source's graph items live in `g13-origin-age-baptism`. No item link in this unit by design.
g13-identity-candidate-b,findmypast-norfolk-baptisms-index,yes,cross_unit,yes,,,,,"Cited here as a cross-reference; the source's graph items live in `g13-identity-shape-matrix`, `g13-research-source-coverage`. No item link in this unit by design."
g13-identity-candidate-b,nash-historical-sketch-weymouth-1885,yes,cross_unit,yes,,,,,"Cited here as a cross-reference; the source's graph items live in `g13-colonial-arrival-chronology`, `g13-colonial-frontier-rights`, `g13-colonial-weymouth-community`. No item link in this unit by design."
g13-identity-candidate-b,tna-discovery-catalogue,yes,context_only,yes,,,,,"Cited in this unit's prose as context or as a finding-aid/catalogue reference; no graph item in any unit carries it, and none is intended."
g13-identity-candidate-b,ukda-4816-pcc-wills-index,yes,context_only,yes,,,,,"Cited in this unit's prose as context or as a finding-aid/catalogue reference; no graph item in any unit carries it, and none is intended."
g13-identity-candidate-c,england-wales-published-probate-indexes,yes,context_for,yes,,G13-RI-000220,,,Cited in 33-berkhamsted-candidates.md and carried on 1 graph item(s) in this unit.
g13-identity-candidate-c,findmypast-hertfordshire-banns-marriages,yes,negative_within_scope,yes,,G13-RI-000216,,,Cited in 33-berkhamsted-candidates.md and carried on 1 graph item(s) in this unit.
g13-identity-candidate-c,findmypast-hertfordshire-baptisms,yes,supports,yes,,G13-RI-000171;G13-RI-000172;G13-RI-000211;G13-RI-000213;G13-RI-000214;G13-RI-000215;G13-RI-000219,,,Cited in 33-berkhamsted-candidates.md and carried on 7 graph item(s) in this unit.
g13-identity-candidate-c,findmypast-hertfordshire-burials,yes,supports,yes,,G13-RI-000171;G13-RI-000172;G13-RI-000212;G13-RI-000213;G13-RI-000214;G13-RI-000217;G13-RI-000218,,,Cited in 33-berkhamsted-candidates.md and carried on 7 graph item(s) in this unit.
g13-identity-candidate-c,findmypast-uk-parish-baptisms,yes,supports,yes,,G13-RI-000211,,,Cited in 33-berkhamsted-candidates.md and carried on 1 graph item(s) in this unit.
g13-identity-candidate-c,fs-england-births-christenings,yes,discovery_only,yes,,G13-RI-000171;G13-RI-000212,,,Cited in 33-berkhamsted-candidates.md and carried on 2 graph item(s) in this unit.
g13-identity-candidate-overview,ancestry-england-select-births-christenings-9841,yes,cross_unit,yes,,,,,Cited here as a cross-reference; the source's graph items live in `g13-identity-inventory-method`. No item link in this unit by design.
g13-identity-candidate-overview,bates-ancient-iron-works-braintree-1898,yes,cross_unit,yes,,,,,Cited here as a cross-reference; the source's graph items live in `g13-colonial-braintree-community`. No item link in this unit by design.
g13-identity-candidate-overview,bodge-soldiers-king-philips-war-1891,yes,cross_unit,yes,,,,,"Cited here as a cross-reference; the source's graph items live in `g13-family-mendon-descendants`, `g13-identity-shape-matrix`. No item link in this unit by design."
g13-identity-candidate-overview,braintree-records-1640-1793-1886,yes,cross_unit,yes,,,,,"Cited here as a cross-reference; the source's graph items live in `g13-colonial-frontier-rights`, `g13-colonial-record-coverage`, `g13-family-wives-marriages` and 2 further unit(s). No item link in this unit by design."
g13-identity-candidate-overview,familysearch-fulltext-search,yes,cross_unit,yes,,,,,"Cited here as a cross-reference; the source's graph items live in `g13-colonial-arrival-chronology`, `g13-colonial-braintree-community`, `g13-colonial-frontier-rights` and 10 further unit(s). No item link in this unit by design."
g13-identity-candidate-overview,findmypast-county-baptism-sets-2026-07-sweep,yes,cross_unit,yes,,,,,"Cited here as a cross-reference; the source's graph items live in `g13-identity-inventory-method`, `g13-identity-shape-matrix`. No item link in this unit by design."
g13-identity-candidate-overview,freebmd-freereg,yes,cross_unit,yes,,,,,"Cited here as a cross-reference; the source's graph items live in `g13-identity-candidate-b`, `g13-identity-inventory-method`, `g13-identity-shape-matrix` and 1 further unit(s). No item link in this unit by design."
g13-identity-candidate-overview,history-of-weymouth,yes,cross_unit,yes,,,,,"Cited here as a cross-reference; the source's graph items live in `g13-colonial-arrival-chronology`, `g13-colonial-braintree-community`, `g13-colonial-weymouth-community` and 5 further unit(s). No item link in this unit by design."
g13-identity-candidate-overview,massachusetts-bay-records-v1-1853,yes,cross_unit,yes,,,,,"Cited here as a cross-reference; the source's graph items live in `g13-colonial-arrival-chronology`, `g13-colonial-record-coverage`, `g13-colonial-weymouth-community`. No item link in this unit by design."
g13-identity-candidate-overview,porter-genealogy-richard-porter-1878,yes,cross_unit,yes,,,,,"Cited here as a cross-reference; the source's graph items live in `g13-colonial-arrival-chronology`, `g13-colonial-weymouth-community`, `g13-origin-migration-network`. No item link in this unit by design."
g13-identity-candidate-overview,sprague-braintree,yes,cross_unit,yes,,,,,"Cited here as a cross-reference; the source's graph items live in `g13-colonial-braintree-community`, `g13-family-family-group`, `g13-family-mendon-descendants` and 4 further unit(s). No item link in this unit by design."
g13-identity-candidate-overview,torrey-new-england-marriages-prior-1700,yes,cross_unit,yes,,,,,"Cited here as a cross-reference; the source's graph items live in `g13-family-colonial-collaterals`, `g13-family-family-group`, `g13-family-mendon-descendants` and 3 further unit(s). No item link in this unit by design."
g13-identity-inventory-method,ancestry-england-select-births-christenings-9841,yes,context_for,yes,,G13-RI-000228;G13-RI-000231,,,Cited in 39-child-inventory-method.md and carried on 2 graph item(s) in this unit.
g13-identity-inventory-method,braintree-records-1640-1793-1886,yes,supports,yes,,G13-RI-000230,,,Cited in 39-child-inventory-method.md and carried on 1 graph item(s) in this unit.
g13-identity-inventory-method,dg-rec-pt3,yes,cross_unit,yes,,,,,"Cited here as a cross-reference; the source's graph items live in `g13-identity-candidate-b`, `g13-identity-other-eliminations`. No item link in this unit by design."
g13-identity-inventory-method,findmypast-county-baptism-sets-2026-07-sweep,yes,supports,yes,,G13-RI-000230;G13-RI-000231,,,Cited in 39-child-inventory-method.md and carried on 2 graph item(s) in this unit.
g13-identity-inventory-method,findmypast-norfolk-baptisms-index,yes,cross_unit,yes,,,,,"Cited here as a cross-reference; the source's graph items live in `g13-identity-shape-matrix`, `g13-research-source-coverage`. No item link in this unit by design."
g13-identity-inventory-method,findmypast-uk-parish-baptisms,yes,context_for,yes,,G13-RI-000228;G13-RI-000232,,,Cited in 39-child-inventory-method.md and carried on 2 graph item(s) in this unit.
g13-identity-inventory-method,freebmd-freereg,yes,supports,yes,,G13-RI-000228;G13-RI-000231,,,Cited in 39-child-inventory-method.md and carried on 2 graph item(s) in this unit.
g13-identity-inventory-method,fs-england-births-christenings,yes,context_for,yes,,G13-RI-000228,,,Cited in 39-child-inventory-method.md and carried on 1 graph item(s) in this unit.
g13-identity-inventory-method,heralds-visit-london-1633,yes,cross_unit,yes,,,,,"Cited here as a cross-reference; the source's graph items live in `g13-identity-candidate-b`, `g13-identity-other-eliminations`. No item link in this unit by design."
g13-identity-inventory-method,history-of-weymouth,yes,qualifies,yes,,G13-RI-000230,,,Cited in 39-child-inventory-method.md and carried on 1 graph item(s) in this unit.
g13-identity-inventory-method,sprague-braintree,yes,qualifies,yes,,G13-RI-000230,,,Cited in 39-child-inventory-method.md and carried on 1 graph item(s) in this unit.
g13-identity-inventory-method,torrey-new-england-marriages-prior-1700,yes,supports,yes,,G13-RI-000230,,,Cited in 39-child-inventory-method.md and carried on 1 graph item(s) in this unit.
g13-identity-london-candidate,findmypast-uk-parish-baptisms,yes,cross_unit,yes,,,,,"Cited here as a cross-reference; the source's graph items live in `g13-identity-assessment`, `g13-identity-candidate-b`, `g13-identity-candidate-c` and 3 further unit(s). No item link in this unit by design."
g13-identity-other-eliminations,ancestry-england-select-births-christenings-9841,yes,cross_unit,yes,,,,,Cited here as a cross-reference; the source's graph items live in `g13-identity-inventory-method`. No item link in this unit by design.
g13-identity-other-eliminations,ancestry-norfolk-1535-1812,yes,cross_unit,yes,,,,,"Cited here as a cross-reference; the source's graph items live in `g13-identity-assessment`, `g13-identity-candidate-b`. No item link in this unit by design."
g13-identity-other-eliminations,british-archivist-bernau-1913,yes,cross_unit,yes,,,,,Cited here as a cross-reference; the source's graph items live in `g13-identity-candidate-b`. No item link in this unit by design.
g13-identity-other-eliminations,dg-rec-pt2,yes,supports,yes,,G13-RI-000233,,,Cited in 36-other-eliminations.md and carried on 1 graph item(s) in this unit.
g13-identity-other-eliminations,dg-rec-pt3,yes,supports,yes,,G13-RI-000233,,,Cited in 36-other-eliminations.md and carried on 1 graph item(s) in this unit.
g13-identity-other-eliminations,findmypast-county-baptism-sets-2026-07-sweep,yes,cross_unit,yes,,,,,"Cited here as a cross-reference; the source's graph items live in `g13-identity-inventory-method`, `g13-identity-shape-matrix`. No item link in this unit by design."
g13-identity-other-eliminations,findmypast-norfolk-baptisms-index,yes,cross_unit,yes,,,,,"Cited here as a cross-reference; the source's graph items live in `g13-identity-shape-matrix`, `g13-research-source-coverage`. No item link in this unit by design."
g13-identity-other-eliminations,freebmd-freereg,yes,cross_unit,yes,,,,,"Cited here as a cross-reference; the source's graph items live in `g13-identity-candidate-b`, `g13-identity-inventory-method`, `g13-identity-shape-matrix` and 1 further unit(s). No item link in this unit by design."
g13-identity-other-eliminations,heralds-visit-london-1633,yes,supports,yes,,G13-RI-000233,,,Cited in 36-other-eliminations.md and carried on 1 graph item(s) in this unit.
g13-identity-other-eliminations,tna-discovery-catalogue,yes,context_only,yes,,,,,"Cited in this unit's prose as context or as a finding-aid/catalogue reference; no graph item in any unit carries it, and none is intended."
g13-identity-other-eliminations,ukda-4816-pcc-wills-index,yes,context_only,yes,,,,,"Cited in this unit's prose as context or as a finding-aid/catalogue reference; no graph item in any unit carries it, and none is intended."
g13-identity-shape-matrix,bodge-soldiers-king-philips-war-1891,yes,supports,yes,,G13-RI-000227,,,Cited in 38-the-shape-and-the-two-families.md and carried on 1 graph item(s) in this unit.
g13-identity-shape-matrix,braintree-records-1640-1793-1886,yes,context_for,yes,,G13-RI-000221;G13-RI-000227,,,Cited in 38-the-shape-and-the-two-families.md and carried on 2 graph item(s) in this unit.
g13-identity-shape-matrix,bucks-archives-catalogue,yes,supports,yes,,G13-RI-000224,,,Cited in 38-the-shape-and-the-two-families.md and carried on 1 graph item(s) in this unit.
g13-identity-shape-matrix,dg-rec-pt3,yes,cross_unit,yes,,,,,"Cited here as a cross-reference; the source's graph items live in `g13-identity-candidate-b`, `g13-identity-other-eliminations`. No item link in this unit by design."
g13-identity-shape-matrix,familysearch-fulltext-search,yes,supports,yes,,G13-RI-000227,,,Cited in 38-the-shape-and-the-two-families.md and carried on 1 graph item(s) in this unit.
g13-identity-shape-matrix,findmypast-bucks-baptism-index,yes,supports,yes,,G13-RI-000224,,,Cited in 38-the-shape-and-the-two-families.md and carried on 1 graph item(s) in this unit.
g13-identity-shape-matrix,findmypast-bucks-marriage-index,yes,supports,yes,,G13-RI-000224,,,Cited in 38-the-shape-and-the-two-families.md and carried on 1 graph item(s) in this unit.
g13-identity-shape-matrix,findmypast-county-baptism-sets-2026-07-sweep,yes,supports,yes,,G13-RI-000224;G13-RI-000225;G13-RI-000226;G13-RI-000227,,,Cited in 38-the-shape-and-the-two-families.md and carried on 4 graph item(s) in this unit.
g13-identity-shape-matrix,findmypast-norfolk-baptisms-index,yes,supports,yes,,G13-RI-000225,,,Cited in 38-the-shape-and-the-two-families.md and carried on 1 graph item(s) in this unit.
g13-identity-shape-matrix,findmypast-uk-parish-baptisms,yes,supports,yes,,G13-RI-000222;G13-RI-000223;G13-RI-000224;G13-RI-000226;G13-RI-000227,,,Cited in 38-the-shape-and-the-two-families.md and carried on 5 graph item(s) in this unit.
g13-identity-shape-matrix,freebmd-freereg,yes,negative_within_scope,yes,,G13-RI-000226,,,Cited in 38-the-shape-and-the-two-families.md and carried on 1 graph item(s) in this unit.
g13-identity-shape-matrix,heralds-visit-london-1633,yes,cross_unit,yes,,,,,"Cited here as a cross-reference; the source's graph items live in `g13-identity-candidate-b`, `g13-identity-other-eliminations`. No item link in this unit by design."
g13-identity-shape-matrix,history-of-weymouth,yes,qualifies,yes,,G13-RI-000227,,,Cited in 38-the-shape-and-the-two-families.md and carried on 1 graph item(s) in this unit.
g13-identity-shape-matrix,sprague-braintree,yes,context_for,yes,,G13-RI-000221;G13-RI-000227,,,Cited in 38-the-shape-and-the-two-families.md and carried on 2 graph item(s) in this unit.
g13-identity-shape-matrix,torrey-new-england-marriages-prior-1700,yes,supports,yes,,G13-RI-000227,,,Cited in 38-the-shape-and-the-two-families.md and carried on 1 graph item(s) in this unit.
g13-identity-inventory-method,findmypast-bucks-baptism-index,yes,supports,yes,,G13-RI-000228,,,Cited in 39-child-inventory-method.md and carried on 1 graph item(s) in this unit.
g13-identity-inventory-method,findmypast-hertfordshire-baptisms,yes,context_for,yes,,G13-RI-000229,,,Cited in 39-child-inventory-method.md and carried on 1 graph item(s) in this unit.
